Season,Matchday,Date,HomeTeam_norm,AwayTeam_norm,pred_key,y_true,y_pred_market,pH_mkt_pred,pD_mkt_pred,pA_mkt_pred,conf_maxprob,entropy,margin_top12,B365H,B365D,B365A,overround,odds_pick,p_pick,ev_pick,kelly_pick,bet_placed,correct,profit,cum_profit_season
2025,1,2025-08-15,girona,vallecano,2025|2025-08-15|girona|vallecano,A,H,0.4212076583210604,0.2916053019145803,0.2871870397643594,0.4212076583210604,1.0818502234468752,0.1296023564064801,2.25,3.25,3.3,1.0551670551670551,2.25,0.4212076583210604,-0.052282768777614064,0.0,1,0,-1.0,-1.0
2025,1,2025-08-15,villarreal,real oviedo,2025|2025-08-15|villarreal|real oviedo,H,H,0.6803939122649956,0.20053715308863027,0.11906893464637423,0.6803939122649956,0.8376075654415297,0.4798567591763653,1.4,4.75,8.0,1.0498120300751879,1.4,0.6803939122649956,-0.047448522829006246,0.0,1,1,0.3999999999999999,-0.6000000000000001
2025,1,2025-08-16,alaves,levante,2025|2025-08-16|alaves|levante,H,H,0.43812451960030746,0.31398923904688697,0.24788624135280551,0.43812451960030746,1.0710353393119463,0.12413528055342049,2.15,3.0,3.8,1.061607507139943,2.15,0.43812451960030746,-0.058032282859339035,0.0,1,1,1.15,0.5499999999999998
2025,1,2025-08-16,mallorca,barcelona,2025|2025-08-16|mallorca|barcelona,A,A,0.13513513513513511,0.1891891891891892,0.6756756756756757,0.6756756756756757,0.850365041637124,0.48648648648648646,7.0,5.0,1.4,1.0571428571428572,1.4,0.6756756756756757,-0.05405405405405411,0.0,1,1,0.3999999999999999,0.9499999999999997
2025,1,2025-08-16,valencia,sociedad,2025|2025-08-16|valencia|sociedad,D,H,0.36559577063847093,0.3277755185034567,0.3066287108580724,0.36559577063847093,1.0959529905983285,0.03782025213501422,2.6,2.9,3.1,1.0520236159835714,2.6,0.36559577063847093,-0.04945099633997552,0.0,1,0,-1.0,-0.050000000000000266
2025,1,2025-08-17,ath bilbao,sevilla,2025|2025-08-17|ath bilbao|sevilla,H,H,0.6008782066096602,0.2418919959941453,0.15722979739619442,0.6008782066096602,0.940256219330246,0.3589862106155149,1.57,3.9,6.0,1.0600195982361589,1.57,0.6008782066096602,-0.056621215622833454,0.0,1,1,0.5700000000000001,0.5199999999999998
2025,1,2025-08-17,celta,getafe,2025|2025-08-17|celta|getafe,A,H,0.5483028720626633,0.2710182767624021,0.1806788511749347,0.5483028720626633,0.9924709972584975,0.27728459530026117,1.73,3.5,5.25,1.054225158271401,1.73,0.5483028720626633,-0.05143603133159258,0.0,1,0,-1.0,-0.4800000000000002
2025,1,2025-08-17,espanol,ath madrid,2025|2025-08-17|espanol|ath madrid,H,A,0.15722979739619444,0.24189199599414532,0.6008782066096603,0.6008782066096603,0.940256219330246,0.35898621061551494,6.0,3.9,1.57,1.0600195982361589,1.57,0.6008782066096603,-0.05662121562283329,0.0,1,0,-1.0,-1.4800000000000002
2025,1,2025-08-18,elche,betis,2025|2025-08-18|elche|betis,D,A,0.2796610169491525,0.288135593220339,0.43220338983050843,0.43220338983050843,1.0774294157005464,0.14406779661016944,3.4,3.3,2.2,1.0516934046345812,2.2,0.43220338983050843,-0.04915254237288136,0.0,1,0,-1.0,-2.4800000000000004
2025,1,2025-08-19,real madrid,osasuna,2025|2025-08-19|real madrid|osasuna,H,H,0.7757674129947009,0.1514297990165656,0.07280278798873346,0.7757674129947009,0.6735565937732295,0.6243376139781353,1.22,6.25,13.0,1.056595208070618,1.22,0.7757674129947009,-0.05356375614646497,0.0,1,1,0.21999999999999997,-2.2600000000000002
2025,2,2025-08-22,betis,alaves,2025|2025-08-22|betis|alaves,H,H,0.4959022086400889,0.2785803583831088,0.22551743297680232,0.4959022086400889,1.0397295931617847,0.2173218502569801,1.91,3.4,4.2,1.0557730945781454,1.91,0.4959022086400889,-0.05282678149743031,0.0,1,1,0.9099999999999999,-1.3500000000000003
2025,2,2025-08-23,ath madrid,elche,2025|2025-08-23|ath madrid|elche,D,H,0.7567567567567568,0.18018018018018017,0.06306306306306306,0.7567567567567568,0.6939930155708445,0.5765765765765767,1.25,5.25,15.0,1.0571428571428572,1.25,0.7567567567567568,-0.054054054054054,0.0,1,0,-1.0,-2.3500000000000005
2025,2,2025-08-23,levante,barcelona,2025|2025-08-23|levante|barcelona,A,A,0.08595988538681948,0.15759312320916904,0.7564469914040115,0.7564469914040115,0.7132673093993382,0.5988538681948424,11.0,6.0,1.25,1.0575757575757576,1.25,0.7564469914040115,-0.05444126074498562,0.0,1,1,0.25,-2.1000000000000005
2025,2,2025-08-23,mallorca,celta,2025|2025-08-23|mallorca|celta,D,A,0.3013408609738885,0.31122088920254065,0.3874382498235709,0.3874382498235709,1.0921041499874948,0.07621736062103024,3.15,3.05,2.45,1.0534924352254562,2.45,0.3874382498235709,-0.050776287932251196,0.0,1,0,-1.0,-3.1000000000000005
2025,2,2025-08-24,osasuna,valencia,2025|2025-08-24|osasuna|valencia,H,H,0.39616613418530355,0.2971246006389776,0.30670926517571884,0.39616613418530355,1.0898961829389082,0.08945686900958472,2.4,3.2,3.1,1.051747311827957,2.4,0.39616613418530355,-0.049201277955271516,0.0,1,1,1.4,-1.7000000000000004
2025,2,2025-08-24,real oviedo,real madrid,2025|2025-08-24|real oviedo|real madrid,A,A,0.09965156794425088,0.1721254355400697,0.7282229965156795,0.7282229965156795,0.7636186556702793,0.5560975609756098,9.5,5.5,1.3,1.0563121089436878,1.3,0.7282229965156795,-0.05331010452961668,0.0,1,1,0.30000000000000004,-1.4000000000000004
2025,2,2025-08-24,sociedad,espanol,2025|2025-08-24|sociedad|espanol,D,H,0.5292652552926526,0.28019925280199254,0.19053549190535493,0.5292652552926526,1.0091299452519742,0.24906600249066002,1.8,3.4,5.0,1.0496732026143791,1.8,0.5292652552926526,-0.04732254047322537,0.0,1,0,-1.0,-2.4000000000000004
2025,2,2025-08-24,villarreal,girona,2025|2025-08-24|villarreal|girona,H,H,0.62175570600863,0.21969658895916946,0.15854770503220064,0.62175570600863,0.9204124663551144,0.4020591170494605,1.53,4.33,6.0,1.0512083201255868,1.53,0.62175570600863,-0.04871376980679615,0.0,1,1,0.53,-1.8700000000000003
2025,2,2025-08-25,ath bilbao,vallecano,2025|2025-08-25|ath bilbao|vallecano,H,H,0.557163531114327,0.27062228654124454,0.17221418234442837,0.557163531114327,0.9825223263250118,0.2865412445730825,1.7,3.5,5.5,1.0557677616501147,1.7,0.557163531114327,-0.05282199710564406,0.0,1,1,0.7,-1.1700000000000004
2025,2,2025-08-25,sevilla,getafe,2025|2025-08-25|sevilla|getafe,A,H,0.4210526315789474,0.31578947368421056,0.26315789473684215,0.4210526315789474,1.0795295733255184,0.10526315789473684,2.25,3.0,3.6,1.0555555555555554,2.25,0.4210526315789474,-0.05263157894736836,0.0,1,0,-1.0,-2.1700000000000004
2025,3,2025-08-29,elche,levante,2025|2025-08-29|elche|levante,H,H,0.43940125543215836,0.2906808305166586,0.269917914051183,0.43940125543215836,1.0739775310602264,0.14872042491549975,2.15,3.25,3.5,1.058522872476361,2.15,0.43940125543215836,-0.05528730082085953,0.0,1,1,1.15,-1.0200000000000005
2025,3,2025-08-29,valencia,getafe,2025|2025-08-29|valencia|getafe,H,H,0.4194977843426883,0.3146233382570162,0.2658788774002954,0.4194977843426883,1.0804539197451732,0.10487444608567209,2.25,3.0,3.55,1.0594679186228482,2.25,0.4194977843426883,-0.056129985228951296,0.0,1,1,1.25,0.22999999999999954
2025,3,2025-08-30,alaves,ath madrid,2025|2025-08-30|alaves|ath madrid,D,A,0.20015885623510724,0.27164416203335984,0.5281969817315331,0.5281969817315331,1.0131486621901513,0.25655281969817323,4.75,3.5,1.8,1.0517961570593148,1.8,0.5281969817315331,-0.04924543288324046,0.0,1,0,-1.0,-0.7700000000000005
2025,3,2025-08-30,girona,sevilla,2025|2025-08-30|girona|sevilla,A,H,0.3956834532374101,0.2877697841726619,0.31654676258992803,0.3956834532374101,1.089417478132513,0.07913669064748208,2.4,3.3,3.0,1.053030303030303,2.4,0.3956834532374101,-0.05035971223021585,0.0,1,0,-1.0,-1.7700000000000005
2025,3,2025-08-30,real madrid,mallorca,2025|2025-08-30|real madrid|mallorca,H,H,0.8017715332926085,0.1351557727550397,0.06307269395235186,0.8017715332926085,0.6219269209971817,0.6666157605375689,1.18,7.0,15.0,1.0569814366424537,1.18,0.8017715332926085,-0.05390959071472198,0.0,1,1,0.17999999999999994,-1.5900000000000005
2025,3,2025-08-30,real oviedo,sociedad,2025|2025-08-30|real oviedo|sociedad,H,A,0.2714007782101167,0.306420233463035,0.42217898832684825,0.42217898832684825,1.0804387376903912,0.11575875486381326,3.5,3.1,2.25,1.0527393753200205,2.25,0.42217898832684825,-0.05009727626459137,0.0,1,0,-1.0,-2.5900000000000007
2025,3,2025-08-31,betis,ath bilbao,2025|2025-08-31|betis|ath bilbao,A,A,0.29165841093719036,0.296215573608084,0.41212601545472555,0.41212601545472555,1.085088536376411,0.11591044184664157,3.25,3.2,2.3,1.0549749163879598,2.3,0.41212601545472555,-0.052110164454131414,0.0,1,1,1.2999999999999998,-1.2900000000000007
2025,3,2025-08-31,celta,villarreal,2025|2025-08-31|celta|villarreal,D,A,0.3465346534653465,0.27227722772277224,0.38118811881188114,0.38118811881188114,1.089104283470637,0.03465346534653463,2.75,3.5,2.5,1.0493506493506493,2.5,0.38118811881188114,-0.04702970297029718,0.0,1,0,-1.0,-2.290000000000001
2025,3,2025-08-31,espanol,osasuna,2025|2025-08-31|espanol|osasuna,H,H,0.40822528363047,0.28889789303079416,0.3028768233387358,0.40822528363047,1.086227953718408,0.10534846029173422,2.3,3.25,3.1,1.0650555615492503,2.3,0.40822528363047,-0.061081847649918974,0.0,1,1,1.2999999999999998,-0.9900000000000009
2025,3,2025-08-31,vallecano,barcelona,2025|2025-08-31|vallecano|barcelona,D,A,0.1515002459419577,0.1721593703885883,0.676340383669454,0.676340383669454,0.8532812292144286,0.5041810132808657,6.25,5.5,1.4,1.0561038961038962,1.4,0.676340383669454,-0.053123462862764426,0.0,1,0,-1.0,-1.9900000000000009
2025,4,2025-09-12,sevilla,elche,2025|2025-09-12|sevilla|elche,D,H,0.511449105799766,0.278288484038108,0.21026241016212602,0.511449105799766,1.026771252552685,0.23316062176165797,1.85,3.4,4.5,1.056880409821586,1.85,0.511449105799766,-0.05381915427043288,0.0,1,0,-1.0,-2.990000000000001
2025,4,2025-09-13,ath bilbao,alaves,2025|2025-09-13|ath bilbao|alaves,A,H,0.5922355737488446,0.24296844051234656,0.16479598573880894,0.5922355737488446,0.9511354994222769,0.34926713323649805,1.6,3.9,5.75,1.0553232998885171,1.6,0.5922355737488446,-0.05242308200184859,0.0,1,0,-1.0,-3.990000000000001
2025,4,2025-09-13,ath madrid,villarreal,2025|2025-09-13|ath madrid|villarreal,H,H,0.5257095980311731,0.2557506152584085,0.21853978671041838,0.5257095980311731,1.0191164817642562,0.26995898277276464,1.8,3.7,4.33,1.056772708042916,1.8,0.5257095980311731,-0.05372272354388835,0.0,1,1,0.8,-3.190000000000001
2025,4,2025-09-13,getafe,real oviedo,2025|2025-09-13|getafe|real oviedo,H,H,0.4848800834202295,0.3050052137643378,0.21011470281543274,0.4848800834202295,1.0409537767092125,0.17987486965589167,1.95,3.1,4.5,1.0576233802040256,1.95,0.4848800834202295,-0.05448383733055251,0.0,1,1,0.95,-2.240000000000001
2025,4,2025-09-13,sociedad,real madrid,2025|2025-09-13|sociedad|real madrid,A,A,0.1894034665646017,0.2187107004210181,0.5918858330143802,0.5918858330143802,0.9579947961678371,0.37317513259336216,5.0,4.33,1.6,1.05594688221709,1.6,0.5918858330143802,-0.05298266717699157,0.0,1,1,0.6000000000000001,-1.6400000000000008
2025,4,2025-09-14,barcelona,valencia,2025|2025-09-14|barcelona|valencia,H,H,0.7780921584478576,0.13561034761519805,0.08629749393694422,0.7780921584478576,0.6776016458826966,0.6424818108326595,1.22,7.0,11.0,1.0534383649137746,1.22,0.7780921584478576,-0.050727566693613724,0.0,1,1,0.21999999999999997,-1.4200000000000008
2025,4,2025-09-14,celta,girona,2025|2025-09-14|celta|girona,D,H,0.5531584526493379,0.24537541617521913,0.20146613117544304,0.5531584526493379,0.9950509235082585,0.3077830364741188,1.73,3.9,4.75,1.044971254280655,1.73,0.5531584526493379,-0.0430358769166454,0.0,1,0,-1.0,-2.420000000000001
2025,4,2025-09-14,levante,betis,2025|2025-09-14|levante|betis,D,A,0.2929936305732484,0.2929936305732484,0.41401273885350315,0.41401273885350315,1.084461212862874,0.12101910828025475,3.25,3.25,2.3,1.0501672240802677,2.3,0.41401273885350315,-0.04777070063694289,0.0,1,0,-1.0,-3.420000000000001
2025,4,2025-09-14,osasuna,vallecano,2025|2025-09-14|osasuna|vallecano,H,H,0.37366619689953695,0.29776525065431847,0.3285685524461445,0.37366619689953695,1.0942618461129932,0.04509764445339243,2.55,3.2,2.9,1.0494844489519948,2.55,0.37366619689953695,-0.04715119790618083,0.0,1,1,1.5499999999999998,-1.870000000000001
2025,4,2025-09-15,espanol,mallorca,2025|2025-09-15|espanol|mallorca,H,H,0.4509283819628648,0.2785145888594165,0.27055702917771884,0.4509283819628648,1.0688531502594694,0.1724137931034483,2.1,3.4,3.5,1.0560224089635852,2.1,0.4509283819628648,-0.053050397877983935,0.0,1,1,1.1,-0.7700000000000009
2025,5,2025-09-19,betis,sociedad,2025|2025-09-19|betis|sociedad,H,H,0.46002596920793926,0.304210721572992,0.23576330921906885,0.46002596920793926,1.0598794885775997,0.15581524763494725,2.05,3.1,4.0,1.060385523210071,2.05,0.46002596920793926,-0.0569467631237246,0.0,1,1,1.0499999999999998,0.2799999999999989
2025,5,2025-09-20,alaves,sevilla,2025|2025-09-20|alaves|sevilla,A,H,0.3884711779448622,0.3007518796992481,0.3107769423558897,0.3884711779448622,1.0918566139040156,0.07769423558897248,2.4,3.1,3.0,1.0725806451612903,2.4,0.3884711779448622,-0.06766917293233077,0.0,1,0,-1.0,-0.7200000000000011
2025,5,2025-09-20,girona,levante,2025|2025-09-20|girona|levante,A,H,0.4926019487549621,0.2674124864669794,0.23998556477805852,0.4926019487549621,1.0439976133290338,0.2251894622879827,1.9,3.5,3.9,1.0684403315982263,1.9,0.4926019487549621,-0.06405629736557206,0.0,1,0,-1.0,-1.720000000000001
2025,5,2025-09-20,real madrid,espanol,2025|2025-09-20|real madrid|espanol,H,H,0.7780921584478576,0.13561034761519805,0.08629749393694422,0.7780921584478576,0.6776016458826966,0.6424818108326595,1.22,7.0,11.0,1.0534383649137746,1.22,0.7780921584478576,-0.050727566693613724,0.0,1,1,0.21999999999999997,-1.500000000000001
2025,5,2025-09-20,valencia,ath bilbao,2025|2025-09-20|valencia|ath bilbao,H,A,0.2964905203711174,0.3162565550625252,0.3872529245663574,0.3872529245663574,1.0919084578280258,0.0709963695038322,3.2,3.0,2.45,1.0539965986394557,2.45,0.3872529245663574,-0.05123033481242434,0.0,1,0,-1.0,-2.500000000000001
2025,5,2025-09-20,villarreal,osasuna,2025|2025-09-20|villarreal|osasuna,H,H,0.6100322159112963,0.2276461683766545,0.16232161571204926,0.6100322159112963,0.9335415186503779,0.3823860475346418,1.53,4.1,5.75,1.0714102537444812,1.53,0.6100322159112963,-0.06665070965571662,0.0,1,1,0.53,-1.970000000000001
2025,5,2025-09-21,barcelona,getafe,2025|2025-09-21|barcelona|getafe,H,H,0.7509881422924901,0.15019762845849802,0.09881422924901184,0.7509881422924901,0.7285090800247532,0.6007905138339921,1.25,6.25,9.5,1.065263157894737,1.25,0.7509881422924901,-0.06126482213438736,0.0,1,1,0.25,-1.720000000000001
2025,5,2025-09-21,elche,real oviedo,2025|2025-09-21|elche|real oviedo,H,H,0.4580152671755725,0.3129770992366412,0.22900763358778625,0.4580152671755725,1.0587618276433859,0.14503816793893132,2.05,3.0,4.1,1.0650406504065042,2.05,0.4580152671755725,-0.06106870229007644,0.0,1,1,1.0499999999999998,-0.6700000000000013
2025,5,2025-09-21,mallorca,ath madrid,2025|2025-09-21|mallorca|ath madrid,D,A,0.18918918918918923,0.2702702702702703,0.5405405405405406,0.5405405405405406,1.0011377114440225,0.2702702702702703,5.0,3.5,1.75,1.0571428571428572,1.75,0.5405405405405406,-0.054054054054054,0.0,1,0,-1.0,-1.6700000000000013
2025,5,2025-09-21,vallecano,celta,2025|2025-09-21|vallecano|celta,D,H,0.41002004008016035,0.28577154308617236,0.30420841683366734,0.41002004008016035,1.0855206625474667,0.10581162324649301,2.3,3.3,3.1,1.0603935568872456,2.3,0.41002004008016035,-0.056953907815631255,0.0,1,0,-1.0,-2.6700000000000013
2025,6,2025-08-27,celta,betis,2025|2025-08-27|celta|betis,D,H,0.4302959501557632,0.2784267912772586,0.2912772585669782,0.4302959501557632,1.0781419623301312,0.139018691588785,2.2,3.4,3.25,1.056355409296586,2.2,0.4302959501557632,-0.05334890965732075,0.0,1,0,-1.0,-3.6700000000000013
2025,6,2025-09-23,ath bilbao,girona,2025|2025-09-23|ath bilbao|girona,D,H,0.6485017704889974,0.21716571990971043,0.1343325096012923,0.6485017704889974,0.882156636982097,0.4313360505792869,1.45,4.33,7.0,1.063459197488026,1.45,0.6485017704889974,-0.059672432790953855,0.0,1,0,-1.0,-4.670000000000002
2025,6,2025-09-23,espanol,valencia,2025|2025-09-23|espanol|valencia,D,H,0.41883568448241604,0.3039936419630439,0.27717067355454006,0.41883568448241604,1.0821266021342753,0.11484204251937213,2.25,3.1,3.4,1.0611427366645583,2.25,0.41883568448241604,-0.05761970991456389,0.0,1,0,-1.0,-5.670000000000002
2025,6,2025-09-23,levante,real madrid,2025|2025-09-23|levante|real madrid,A,A,0.1258899543191078,0.1642042882423145,0.7099057574385778,0.7099057574385778,0.8007764508832522,0.5457014691962633,7.5,5.75,1.33,1.0591260760597145,1.33,0.7099057574385778,-0.05582534260669153,0.0,1,1,0.33000000000000007,-5.340000000000002
2025,6,2025-09-23,sevilla,villarreal,2025|2025-09-23|sevilla|villarreal,A,A,0.3067869752844253,0.2797175362887407,0.4134954884268341,0.4134954884268341,1.084014597261716,0.10670851314240881,3.1,3.4,2.3,1.0514809009157662,2.3,0.4134954884268341,-0.048960376618281676,0.0,1,1,1.2999999999999998,-4.040000000000001
2025,6,2025-09-24,ath madrid,vallecano,2025|2025-09-24|ath madrid|vallecano,H,H,0.631578947368421,0.21052631578947367,0.15789473684210525,0.631578947368421,0.9097077103274986,0.42105263157894735,1.5,4.5,6.0,1.0555555555555556,1.5,0.631578947368421,-0.052631578947368474,0.0,1,1,0.5,-3.5400000000000014
2025,6,2025-09-24,getafe,alaves,2025|2025-09-24|getafe|alaves,D,H,0.4111855061047657,0.32611264277274515,0.26270185112248917,0.4111855061047657,1.0820011741777884,0.08507286333202052,2.3,2.9,3.6,1.0573879726803266,2.3,0.4111855061047657,-0.05427333595903905,0.0,1,0,-1.0,-4.540000000000001
2025,6,2025-09-24,sociedad,mallorca,2025|2025-09-24|sociedad|mallorca,H,H,0.5240103828682673,0.2774172615184945,0.19857235561323813,0.5240103828682673,1.0153643067872202,0.2465931213497728,1.8,3.4,4.75,1.0601995184038528,1.8,0.5240103828682673,-0.05678131083711885,0.0,1,1,0.8,-3.740000000000001
2025,6,2025-09-25,osasuna,elche,2025|2025-09-25|osasuna|elche,D,H,0.4877224600135166,0.29263347600810996,0.2196440639783735,0.4877224600135166,1.0427118958402917,0.19508898400540664,1.95,3.25,4.33,1.0514597027299106,1.95,0.4877224600135166,-0.04894120297364263,0.0,1,0,-1.0,-4.740000000000001
2025,6,2025-09-25,real oviedo,barcelona,2025|2025-09-25|real oviedo|barcelona,A,A,0.0931174089068826,0.16194331983805668,0.7449392712550608,0.7449392712550608,0.7352194114013324,0.5829959514170041,10.0,5.75,1.25,1.0739130434782609,1.25,0.7449392712550608,-0.06882591093117404,0.0,1,1,0.25,-4.490000000000001
2025,7,2025-09-26,girona,espanol,2025|2025-09-26|girona|espanol,D,H,0.3703703703703704,0.28619528619528617,0.3434343434343434,0.3703703703703704,1.0929731354564427,0.02693602693602698,2.55,3.3,2.75,1.058823529411765,2.55,0.3703703703703704,-0.05555555555555547,0.0,1,0,-1.0,-5.490000000000001
2025,7,2025-09-27,ath madrid,real madrid,2025|2025-09-27|ath madrid|real madrid,H,A,0.3157894736842105,0.2631578947368421,0.42105263157894735,0.42105263157894735,1.0795295733255184,0.10526315789473684,3.0,3.6,2.25,1.0555555555555556,2.25,0.42105263157894735,-0.052631578947368474,0.0,1,0,-1.0,-6.490000000000001
2025,7,2025-09-27,getafe,levante,2025|2025-09-27|getafe|levante,D,H,0.46268656716417916,0.30597014925373134,0.23134328358208958,0.46268656716417916,1.0575980839306738,0.15671641791044782,2.05,3.1,4.1,1.0542879622344612,2.05,0.46268656716417916,-0.05149253731343284,0.0,1,0,-1.0,-7.490000000000001
2025,7,2025-09-27,mallorca,alaves,2025|2025-09-27|mallorca|alaves,H,H,0.4041204437400951,0.3165610142630745,0.2793185419968304,0.4041204437400951,1.086514680454374,0.08755942947702061,2.35,3.0,3.4,1.0529828952857738,2.35,0.4041204437400951,-0.05031695721077645,0.0,1,1,1.35,-6.1400000000000015
2025,7,2025-09-27,villarreal,ath bilbao,2025|2025-09-27|villarreal|ath bilbao,H,H,0.45172802404207363,0.291885800150263,0.2563861758076634,0.45172802404207363,1.0673626479654412,0.15984222389181063,2.1,3.25,3.7,1.0541530541530542,2.1,0.45172802404207363,-0.0513711495116454,0.0,1,1,1.1,-5.040000000000001
2025,7,2025-09-28,barcelona,sociedad,2025|2025-09-28|barcelona|sociedad,H,H,0.7282229965156795,0.1721254355400697,0.09965156794425087,0.7282229965156795,0.7636186556702793,0.5560975609756098,1.3,5.5,9.5,1.056312108943688,1.3,0.7282229965156795,-0.05331010452961668,0.0,1,1,0.30000000000000004,-4.740000000000001
2025,7,2025-09-28,betis,osasuna,2025|2025-09-28|betis|osasuna,H,H,0.5407114624505929,0.24901185770750986,0.2102766798418972,0.5407114624505929,1.006547863596537,0.291699604743083,1.75,3.8,4.5,1.0568086883876355,1.75,0.5407114624505929,-0.05375494071146247,0.0,1,1,0.75,-3.990000000000001
2025,7,2025-09-28,elche,celta,2025|2025-09-28|elche|celta,H,A,0.3300708464720095,0.3055817191531185,0.364347434374872,0.364347434374872,1.0960075414198691,0.034276587902862476,2.87,3.1,2.6,1.0556280855258038,2.6,0.364347434374872,-0.05269667062533279,0.0,1,0,-1.0,-4.990000000000001
2025,7,2025-09-28,vallecano,sevilla,2025|2025-09-28|vallecano|sevilla,A,H,0.474820143884892,0.28776978417266186,0.237410071942446,0.474820143884892,1.053487309629286,0.18705035971223016,2.0,3.3,4.0,1.053030303030303,2.0,0.474820143884892,-0.05035971223021596,0.0,1,0,-1.0,-5.990000000000001
2025,7,2025-09-30,valencia,real oviedo,2025|2025-09-30|valencia|real oviedo,A,H,0.557163531114327,0.27062228654124454,0.17221418234442837,0.557163531114327,0.9825223263250118,0.2865412445730825,1.7,3.5,5.5,1.0557677616501147,1.7,0.557163531114327,-0.05282199710564406,0.0,1,0,-1.0,-6.990000000000001
2025,8,2025-10-03,osasuna,getafe,2025|2025-10-03|osasuna|getafe,H,H,0.4277950310559006,0.32453416149068326,0.24767080745341613,0.4277950310559006,1.0741276765191363,0.10326086956521735,2.2,2.9,3.8,1.0625309354891932,2.2,0.4277950310559006,-0.05885093167701849,0.0,1,1,1.2000000000000002,-5.790000000000001
2025,8,2025-10-04,ath bilbao,mallorca,2025|2025-10-04|ath bilbao|mallorca,H,H,0.6292134831460674,0.23595505617977527,0.1348314606741573,0.6292134831460674,0.9024167554533057,0.3932584269662921,1.5,4.0,7.0,1.0595238095238095,1.5,0.6292134831460674,-0.0561797752808989,0.0,1,1,0.5,-5.290000000000001
2025,8,2025-10-04,girona,valencia,2025|2025-10-04|girona|valencia,H,H,0.40156709108716954,0.2696236183013852,0.32880929061144537,0.40156709108716954,1.0855124832501608,0.07275780047572417,2.35,3.5,2.87,1.0596782563570317,2.35,0.40156709108716954,-0.056317335945151537,0.0,1,1,1.35,-3.940000000000001
2025,8,2025-10-04,real madrid,villarreal,2025|2025-10-04|real madrid|villarreal,H,H,0.6720977596741344,0.1710794297352342,0.15682281059063136,0.6720977596741344,0.8596575604675438,0.5010183299389002,1.4,5.5,6.0,1.0627705627705628,1.4,0.6720977596741344,-0.05906313645621186,0.0,1,1,0.3999999999999999,-3.540000000000001
2025,8,2025-10-04,real oviedo,levante,2025|2025-10-04|real oviedo|levante,A,H,0.39325842696629215,0.2696629213483146,0.33707865168539325,0.39325842696629215,1.0869914761327597,0.0561797752808989,2.4,3.5,2.8,1.0595238095238095,2.4,0.39325842696629215,-0.05617977528089879,0.0,1,0,-1.0,-4.540000000000001
2025,8,2025-10-05,alaves,elche,2025|2025-10-05|alaves|elche,H,H,0.4030403040304031,0.3055305530553055,0.29142914291429145,0.4030403040304031,1.087839525734621,0.09750975097509756,2.35,3.1,3.25,1.0558048677472152,2.35,0.4030403040304031,-0.052855285528552676,0.0,1,1,1.35,-3.190000000000001
2025,8,2025-10-05,celta,ath madrid,2025|2025-10-05|celta|ath madrid,D,A,0.22894521668029438,0.23466884709730174,0.5363859362224039,0.5363859362224039,1.0118144150349044,0.3017170891251022,4.1,4.0,1.75,1.0653310104529616,1.75,0.5363859362224039,-0.06132461161079311,0.0,1,0,-1.0,-4.190000000000001
2025,8,2025-10-05,espanol,betis,2025|2025-10-05|espanol|betis,A,H,0.3680297397769517,0.2843866171003717,0.34758364312267653,0.3680297397769517,1.0927820073692782,0.02044609665427516,2.55,3.3,2.7,1.0655575361457714,2.55,0.3680297397769517,-0.06152416356877333,0.0,1,0,-1.0,-5.190000000000001
2025,8,2025-10-05,sevilla,barcelona,2025|2025-10-05|sevilla|barcelona,H,A,0.1712116952488052,0.1793646331177959,0.649423671633399,0.649423671633399,0.8907088624936079,0.47005903851560304,5.5,5.25,1.45,1.0619495447081655,1.45,0.649423671633399,-0.058335676131571534,0.0,1,0,-1.0,-6.190000000000001
2025,8,2025-10-05,sociedad,vallecano,2025|2025-10-05|sociedad|vallecano,A,H,0.4701492537313433,0.2611940298507463,0.26865671641791045,0.4701492537313433,1.058575981300046,0.20149253731343286,2.0,3.6,3.5,1.0634920634920635,2.0,0.4701492537313433,-0.05970149253731338,0.0,1,0,-1.0,-7.190000000000001
2025,9,2025-10-17,real oviedo,espanol,2025|2025-10-17|real oviedo|espanol,A,A,0.3151515151515151,0.2909090909090909,0.393939393939394,0.393939393939394,1.0900818712761602,0.07878787878787885,3.0,3.25,2.4,1.0576923076923077,2.4,0.393939393939394,-0.05454545454545445,0.0,1,1,1.4,-5.790000000000001
2025,9,2025-10-18,ath madrid,osasuna,2025|2025-10-18|ath madrid|osasuna,H,H,0.6674116604369774,0.21579129898655158,0.11679704057647104,0.6674116604369774,0.85157084065749,0.45162036145042583,1.4,4.33,8.0,1.0702325965028043,1.4,0.6674116604369774,-0.06562367538823166,0.0,1,1,0.3999999999999999,-5.390000000000001
2025,9,2025-10-18,barcelona,girona,2025|2025-10-18|barcelona|girona,H,H,0.7990867579908676,0.136986301369863,0.0639269406392694,0.7990867579908676,0.6273353394005499,0.6621004566210046,1.2,7.0,15.0,1.042857142857143,1.2,0.7990867579908676,-0.04109589041095893,0.0,1,1,0.19999999999999996,-5.190000000000001
2025,9,2025-10-18,sevilla,mallorca,2025|2025-10-18|sevilla|mallorca,A,H,0.5106064387322186,0.2862490641377589,0.20314449713002244,0.5106064387322186,1.0250535811037933,0.22435737459445965,1.85,3.3,4.65,1.0586246070117038,1.85,0.5106064387322186,-0.05537808834539559,0.0,1,0,-1.0,-6.190000000000001
2025,9,2025-10-18,villarreal,betis,2025|2025-10-18|villarreal|betis,D,H,0.5050100200400801,0.2665330661322645,0.2284569138276553,0.5050100200400801,1.0347319730594458,0.2384769539078156,1.9,3.6,4.2,1.0421888053467,1.9,0.5050100200400801,-0.040480961923847814,0.0,1,0,-1.0,-7.190000000000001
2025,9,2025-10-19,celta,sociedad,2025|2025-10-19|celta|sociedad,D,H,0.44155844155844154,0.2792207792207792,0.2792207792207792,0.44155844155844154,1.0733829017537484,0.16233766233766234,2.15,3.4,3.4,1.0533515731874146,2.15,0.44155844155844154,-0.05064935064935083,0.0,1,0,-1.0,-8.190000000000001
2025,9,2025-10-19,elche,ath bilbao,2025|2025-10-19|elche|ath bilbao,D,A,0.2797175362887407,0.3067869752844253,0.4134954884268341,0.4134954884268341,1.084014597261716,0.10670851314240881,3.4,3.1,2.3,1.0514809009157662,2.3,0.4134954884268341,-0.048960376618281676,0.0,1,0,-1.0,-9.190000000000001
2025,9,2025-10-19,getafe,real madrid,2025|2025-10-19|getafe|real madrid,A,A,0.11160318866253321,0.21080602302922938,0.6775907883082374,0.6775907883082374,0.8366367638954573,0.46678476527900803,8.5,4.5,1.4,1.054154995331466,1.4,0.6775907883082374,-0.0513728963684677,0.0,1,1,0.3999999999999999,-8.790000000000001
2025,9,2025-10-19,levante,vallecano,2025|2025-10-19|levante|vallecano,A,A,0.3300708464720095,0.3055817191531185,0.364347434374872,0.364347434374872,1.0960075414198691,0.034276587902862476,2.87,3.1,2.6,1.0556280855258038,2.6,0.364347434374872,-0.05269667062533279,0.0,1,1,1.6,-7.190000000000001
2025,9,2025-10-20,alaves,valencia,2025|2025-10-20|alaves|valencia,D,H,0.4007285974499089,0.31390406800242865,0.2853673345476624,0.4007285974499089,1.0880095621477084,0.08682452944748026,2.35,3.0,3.3,1.0618955512572534,2.35,0.4007285974499089,-0.05828779599271405,0.0,1,0,-1.0,-8.190000000000001
2025,10,2025-10-24,sociedad,sevilla,2025|2025-10-24|sociedad|sevilla,H,H,0.4597138554216868,0.28557981927710846,0.2547063253012048,0.4597138554216868,1.0635129497608393,0.17413403614457834,2.05,3.3,3.7,1.0611054513493539,2.05,0.4597138554216868,-0.05758659638554209,0.0,1,1,1.0499999999999998,-7.1400000000000015
2025,10,2025-10-25,ath bilbao,getafe,2025|2025-10-25|ath bilbao|getafe,A,H,0.571659156634609,0.2774228260138544,0.15091801735153676,0.571659156634609,0.960782635848837,0.2942363306207546,1.65,3.4,6.25,1.0601782531194295,1.65,0.571659156634609,-0.05676239155289525,0.0,1,0,-1.0,-8.14
2025,10,2025-10-25,espanol,elche,2025|2025-10-25|espanol|elche,H,H,0.46373365041617115,0.29250891795481565,0.24375743162901306,0.46373365041617115,1.060006842112098,0.1712247324613555,2.05,3.25,3.9,1.0519074421513446,2.05,0.46373365041617115,-0.04934601664684929,0.0,1,1,1.0499999999999998,-7.090000000000002
2025,10,2025-10-25,girona,real oviedo,2025|2025-10-25|girona|real oviedo,D,H,0.5223880597014926,0.26865671641791045,0.208955223880597,0.5223880597014926,1.0194586431391144,0.25373134328358216,1.8,3.5,4.5,1.0634920634920635,1.8,0.5223880597014926,-0.05970149253731327,0.0,1,0,-1.0,-8.090000000000002
2025,10,2025-10-25,valencia,villarreal,2025|2025-10-25|valencia|villarreal,A,A,0.31343283582089554,0.2686567164179105,0.41791044776119407,0.41791044776119407,1.0813584534323308,0.10447761194029853,3.0,3.5,2.25,1.0634920634920635,2.25,0.41791044776119407,-0.05970149253731327,0.0,1,1,1.25,-6.840000000000002
2025,10,2025-10-26,mallorca,levante,2025|2025-10-26|mallorca|levante,D,H,0.4485336400230017,0.2898217366302473,0.26164462334675104,0.4485336400230017,1.0693673992974175,0.15871190339275443,2.1,3.25,3.6,1.0616605616605617,2.1,0.4485336400230017,-0.058079355951696277,0.0,1,0,-1.0,-7.840000000000002
2025,10,2025-10-26,osasuna,celta,2025|2025-10-26|osasuna|celta,A,H,0.39616613418530355,0.2971246006389776,0.30670926517571884,0.39616613418530355,1.0898961829389082,0.08945686900958472,2.4,3.2,3.1,1.051747311827957,2.4,0.39616613418530355,-0.049201277955271516,0.0,1,0,-1.0,-8.840000000000002
2025,10,2025-10-26,real madrid,barcelona,2025|2025-10-26|real madrid|barcelona,H,H,0.47291361639824303,0.24890190336749632,0.2781844802342606,0.47291361639824303,1.0562137345196114,0.1947291361639824,2.0,3.8,3.4,1.0572755417956656,2.0,0.47291361639824303,-0.05417276720351394,0.0,1,1,1.0,-7.840000000000002
2025,10,2025-10-26,vallecano,alaves,2025|2025-10-26|vallecano|alaves,H,H,0.4719471947194719,0.286028602860286,0.242024202420242,0.4719471947194719,1.0557551024484624,0.1859185918591859,2.0,3.3,3.9,1.0594405594405594,2.0,0.4719471947194719,-0.05610561056105623,0.0,1,1,1.0,-6.840000000000002
2025,10,2025-10-27,betis,ath madrid,2025|2025-10-27|betis|ath madrid,A,A,0.2912772585669782,0.2784267912772586,0.4302959501557632,0.4302959501557632,1.0781419623301314,0.139018691588785,3.25,3.4,2.2,1.056355409296586,2.2,0.4302959501557632,-0.05334890965732075,0.0,1,1,1.2000000000000002,-5.6400000000000015
2025,11,2025-10-31,getafe,girona,2025|2025-10-31|getafe|girona,H,H,0.43963204292832503,0.3049060942889996,0.2554618627826753,0.43963204292832503,1.072074055236166,0.1347259486393254,2.15,3.1,3.7,1.057967194501328,2.15,0.43963204292832503,-0.05479110770410123,0.0,1,1,1.15,-4.490000000000001
2025,11,2025-11-01,ath madrid,sevilla,2025|2025-11-01|ath madrid|sevilla,H,H,0.6983240223463687,0.1899441340782123,0.111731843575419,0.6983240223463687,0.8111281495792079,0.5083798882681564,1.36,5.0,8.5,1.0529411764705883,1.36,0.6983240223463687,-0.050279329608938494,0.0,1,1,0.3600000000000001,-4.130000000000001
2025,11,2025-11-01,real madrid,valencia,2025|2025-11-01|real madrid|valencia,H,H,0.78125,0.125,0.09375,0.78125,0.674707467418823,0.65625,1.2,7.5,10.0,1.0666666666666667,1.2,0.78125,-0.06250000000000003,0.0,1,1,0.19999999999999996,-3.9300000000000015
2025,11,2025-11-01,sociedad,ath bilbao,2025|2025-11-01|sociedad|ath bilbao,H,H,0.3470031545741325,0.31230283911671924,0.3406940063091483,0.3470031545741325,1.097577237820795,0.006309148264984188,2.7,3.0,2.75,1.0673400673400675,2.7,0.3470031545741325,-0.0630914826498421,0.0,1,1,1.7000000000000002,-2.2300000000000013
2025,11,2025-11-01,villarreal,vallecano,2025|2025-11-01|villarreal|vallecano,H,H,0.5492176057966547,0.25190780852539896,0.1988745856779465,0.5492176057966547,0.9976262885771969,0.2973097972712557,1.72,3.75,4.75,1.0585883312933497,1.72,0.5492176057966547,-0.055345718029753965,0.0,1,1,0.72,-1.5100000000000011
2025,11,2025-11-02,alaves,espanol,2025|2025-11-02|alaves|espanol,H,H,0.40822528363047,0.3028768233387358,0.28889789303079416,0.40822528363047,1.0862279537184079,0.10534846029173422,2.3,3.1,3.25,1.0650555615492503,2.3,0.40822528363047,-0.061081847649918974,0.0,1,1,1.2999999999999998,-0.2100000000000013
2025,11,2025-11-02,barcelona,elche,2025|2025-11-02|barcelona|elche,H,H,0.7755791985681615,0.14557024957740877,0.07885055185442974,0.7755791985681615,0.6779338773754258,0.6300089489907528,1.22,6.5,12.0,1.0568516183270282,1.22,0.7755791985681615,-0.05379337774684301,0.0,1,1,0.21999999999999997,0.009999999999998677
2025,11,2025-11-02,betis,mallorca,2025|2025-11-02|betis|mallorca,H,H,0.5959637003927942,0.23391575240417176,0.17012054720303402,0.5959637003927942,0.9496133618934316,0.3620479479886225,1.57,4.0,5.5,1.0687608569774174,1.57,0.5959637003927942,-0.06433699038331303,0.0,1,1,0.5700000000000001,0.5799999999999987
2025,11,2025-11-02,levante,celta,2025|2025-11-02|levante|celta,A,A,0.34611171960569553,0.25958378970427165,0.3943044906900328,0.3943044906900328,1.0842690194070754,0.04819277108433728,2.7,3.6,2.37,1.0700890764181903,2.37,0.3943044906900328,-0.06549835706462215,0.0,1,1,1.37,1.9499999999999988
2025,11,2025-11-03,real oviedo,osasuna,2025|2025-11-03|real oviedo|osasuna,D,A,0.31481481481481477,0.31481481481481477,0.3703703703703704,0.3703703703703704,1.0955785063977712,0.055555555555555636,3.0,3.0,2.55,1.0588235294117647,2.55,0.3703703703703704,-0.05555555555555547,0.0,1,0,-1.0,0.9499999999999988
2025,12,2025-11-07,elche,sociedad,2025|2025-11-07|elche|sociedad,D,A,0.34852546916890076,0.28954423592493295,0.3619302949061662,0.3619302949061662,1.094067035789045,0.013404825737265424,2.7,3.25,2.6,1.0626780626780628,2.6,0.3619302949061662,-0.05898123324396787,0.0,1,0,-1.0,-0.050000000000001155
2025,12,2025-11-08,ath madrid,levante,2025|2025-11-08|ath madrid|levante,H,H,0.7600722865950887,0.1685978526629106,0.07132986074200064,0.7600722865950887,0.697006252597175,0.5914744339321781,1.22,5.5,13.0,1.0784133898887998,1.22,0.7600722865950887,-0.07271181035399177,0.0,1,1,0.21999999999999997,0.16999999999999882
2025,12,2025-11-08,espanol,villarreal,2025|2025-11-08|espanol|villarreal,A,A,0.3371104815864023,0.2776203966005666,0.38526912181303113,0.38526912181303113,1.0898007111823305,0.04815864022662886,2.8,3.4,2.45,1.059423769507803,2.45,0.38526912181303113,-0.05609065155807369,0.0,1,1,1.4500000000000002,1.619999999999999
2025,12,2025-11-08,girona,alaves,2025|2025-11-08|girona|alaves,H,H,0.3914110429447853,0.2846625766871166,0.3239263803680982,0.3914110429447853,1.0899493460683758,0.06748466257668712,2.4,3.3,2.9,1.0645245559038663,2.4,0.3914110429447853,-0.06061349693251539,0.0,1,1,1.4,3.0199999999999987
2025,12,2025-11-08,sevilla,osasuna,2025|2025-11-08|sevilla|osasuna,H,H,0.4473684210526316,0.27631578947368424,0.27631578947368424,0.4473684210526316,1.070651758426683,0.17105263157894735,2.1,3.4,3.4,1.0644257703081232,2.1,0.4473684210526316,-0.060526315789473595,0.0,1,1,1.1,4.119999999999999
2025,12,2025-11-09,ath bilbao,real oviedo,2025|2025-11-09|ath bilbao|real oviedo,H,H,0.6351328764833696,0.2473675413672071,0.11749958214942338,0.6351328764833696,0.8854472226629738,0.3877653351161625,1.48,3.8,8.0,1.0638335704125177,1.48,0.6351328764833696,-0.06000334280461306,0.0,1,1,0.48,4.599999999999999
2025,12,2025-11-09,celta,barcelona,2025|2025-11-09|celta|barcelona,A,A,0.18089816571790004,0.24351676154332702,0.5755850727387729,0.5755850727387729,0.9712227504604589,0.3320683111954459,5.25,3.9,1.65,1.052947052947053,1.65,0.5755850727387729,-0.05028462998102473,0.0,1,1,0.6499999999999999,5.249999999999999
2025,12,2025-11-09,mallorca,getafe,2025|2025-11-09|mallorca|getafe,H,H,0.3783122706889523,0.32613126783530366,0.29555646147574394,0.3783122706889523,1.0934008070267014,0.05218100285364863,2.5,2.9,3.2,1.0573275862068967,2.5,0.3783122706889523,-0.05421932327761925,0.0,1,1,1.5,6.749999999999999
2025,12,2025-11-09,valencia,betis,2025|2025-11-09|valencia|betis,D,A,0.30420841683366734,0.28577154308617236,0.41002004008016035,0.41002004008016035,1.0855206625474667,0.10581162324649301,3.1,3.3,2.3,1.0603935568872456,2.3,0.41002004008016035,-0.056953907815631255,0.0,1,0,-1.0,5.749999999999999
2025,12,2025-11-09,vallecano,real madrid,2025|2025-11-09|vallecano|real madrid,D,A,0.1566003616636528,0.21699819168173598,0.6264014466546112,0.6264014466546112,0.9148983343127719,0.4094032549728752,6.0,4.33,1.5,1.0642802155504234,1.5,0.6264014466546112,-0.06039783001808324,0.0,1,0,-1.0,4.749999999999999
2025,13,2025-11-21,valencia,levante,2025|2025-11-21|valencia|levante,H,H,0.4473684210526316,0.27631578947368424,0.27631578947368424,0.4473684210526316,1.070651758426683,0.17105263157894735,2.1,3.4,3.4,1.0644257703081232,2.1,0.4473684210526316,-0.060526315789473595,0.0,1,1,1.1,5.849999999999999
2025,13,2025-11-22,alaves,celta,2025|2025-11-22|alaves|celta,A,H,0.3835842441740565,0.303155289750464,0.3132604660754795,0.3835842441740565,1.0929755659722429,0.07032377809857698,2.45,3.1,3.0,1.064077243800746,2.45,0.3835842441740565,-0.06021860177356153,0.0,1,0,-1.0,4.849999999999999
2025,13,2025-11-22,barcelona,ath bilbao,2025|2025-11-22|barcelona|ath bilbao,H,H,0.6487025948103793,0.20758483033932135,0.14371257485029942,0.6487025948103793,0.885907900811365,0.44111776447105794,1.44,4.5,6.5,1.0705128205128205,1.44,0.6487025948103793,-0.06586826347305386,0.0,1,1,0.43999999999999995,5.289999999999999
2025,13,2025-11-22,osasuna,sociedad,2025|2025-11-22|osasuna|sociedad,A,H,0.34285714285714286,0.3142857142857143,0.34285714285714286,0.34285714285714286,1.0977878444695828,0.0,2.75,3.0,2.75,1.0606060606060606,2.75,0.34285714285714286,-0.05714285714285716,0.0,1,0,-1.0,4.289999999999999
2025,13,2025-11-22,villarreal,mallorca,2025|2025-11-22|villarreal|mallorca,H,H,0.6590750422132745,0.2161400831276789,0.12478487465904663,0.6590750422132745,0.8655675101812516,0.4429349590855956,1.42,4.33,7.5,1.0685055676630995,1.42,0.6590750422132745,-0.06411344005715025,0.0,1,1,0.41999999999999993,4.709999999999999
2025,13,2025-11-23,betis,girona,2025|2025-11-23|betis|girona,D,H,0.6129214075959531,0.21657500083644532,0.1705035915676015,0.6129214075959531,0.9329774884008615,0.39634640675950783,1.53,4.33,5.5,1.066359835277102,1.53,0.6129214075959531,-0.06223024637819169,0.0,1,0,-1.0,3.709999999999999
2025,13,2025-11-23,elche,real madrid,2025|2025-11-23|elche|real madrid,D,A,0.12477064220183487,0.1871559633027523,0.6880733944954128,0.6880733944954128,0.8305637567809048,0.5009174311926605,7.5,5.0,1.36,1.0686274509803921,1.36,0.6880733944954128,-0.06422018348623848,0.0,1,0,-1.0,2.709999999999999
2025,13,2025-11-23,getafe,ath madrid,2025|2025-11-23|getafe|ath madrid,A,A,0.17318099819603125,0.2976548406494287,0.52916416115454,0.52916416115454,1.0011529895199054,0.2315093205051113,5.5,3.2,1.8,1.0498737373737375,1.8,0.52916416115454,-0.047504509921827975,0.0,1,1,0.8,3.509999999999999
2025,13,2025-11-23,real oviedo,vallecano,2025|2025-11-23|real oviedo|vallecano,D,A,0.28758169934640526,0.28758169934640526,0.42483660130718953,0.42483660130718953,1.080478049967446,0.13725490196078427,3.25,3.25,2.2,1.06993006993007,2.2,0.42483660130718953,-0.06535947712418289,0.0,1,0,-1.0,2.509999999999999
2025,13,2025-11-24,espanol,sevilla,2025|2025-11-24|espanol|sevilla,H,H,0.4505119453924915,0.2866894197952219,0.2627986348122867,0.4505119453924915,1.0685975838738149,0.16382252559726962,2.1,3.3,3.6,1.0569985569985572,2.1,0.4505119453924915,-0.053924914675767766,0.0,1,1,1.1,3.609999999999999
2025,14,2025-11-28,getafe,elche,2025|2025-11-28|getafe|elche,H,H,0.420861713006734,0.32994385166033147,0.24919443533293456,0.420861713006734,1.0763488445840772,0.0909178613464025,2.25,2.87,3.8,1.0560343949304154,2.25,0.420861713006734,-0.05306114573484855,0.0,1,1,1.25,4.859999999999999
2025,14,2025-11-29,ath madrid,real oviedo,2025|2025-11-29|ath madrid|real oviedo,H,H,0.7920238538948937,0.1520685799478196,0.05590756615728661,0.7920238538948937,0.6323213576346494,0.6399552739470741,1.2,6.25,17.0,1.0521568627450981,1.2,0.7920238538948937,-0.04957137532612757,0.0,1,1,0.19999999999999996,5.059999999999999
2025,14,2025-11-29,barcelona,alaves,2025|2025-11-29|barcelona|alaves,H,H,0.7913043478260869,0.13565217391304346,0.07304347826086957,0.7913043478260869,0.6473426702367033,0.6556521739130434,1.2,7.0,13.0,1.0531135531135531,1.2,0.7913043478260869,-0.050434782608695716,0.0,1,1,0.19999999999999996,5.259999999999999
2025,14,2025-11-29,levante,ath bilbao,2025|2025-11-29|levante|ath bilbao,A,A,0.2796610169491525,0.288135593220339,0.43220338983050843,0.43220338983050843,1.0774294157005464,0.14406779661016944,3.4,3.3,2.2,1.0516934046345812,2.2,0.43220338983050843,-0.04915254237288136,0.0,1,1,1.2000000000000002,6.459999999999999
2025,14,2025-11-29,mallorca,osasuna,2025|2025-11-29|mallorca|osasuna,D,H,0.4041204437400951,0.3165610142630745,0.2793185419968304,0.4041204437400951,1.086514680454374,0.08755942947702061,2.35,3.0,3.4,1.0529828952857738,2.35,0.4041204437400951,-0.05031695721077645,0.0,1,0,-1.0,5.459999999999999
2025,14,2025-11-30,celta,espanol,2025|2025-11-30|celta|espanol,A,H,0.46032342986085,0.2621286197818729,0.2775479503572772,0.46032342986085,1.0638503943811568,0.1827754795035728,2.05,3.6,3.4,1.059700302885382,2.05,0.46032342986085,-0.05633696878525751,0.0,1,0,-1.0,4.459999999999999
2025,14,2025-11-30,girona,real madrid,2025|2025-11-30|girona|real madrid,D,A,0.1454024165472046,0.18902314151136598,0.6655744419414295,0.6655744419414295,0.8662217388571682,0.47655130043006344,6.5,5.0,1.42,1.05807150595883,1.42,0.6655744419414295,-0.054884292443170224,0.0,1,0,-1.0,3.459999999999999
2025,14,2025-11-30,sevilla,betis,2025|2025-11-30|sevilla|betis,A,A,0.30688563514048284,0.28828650573802933,0.40482785912148794,0.40482785912148794,1.0871719335207748,0.0979422239810051,3.1,3.3,2.35,1.0511428630852104,2.35,0.40482785912148794,-0.04865453106450324,0.0,1,1,1.35,4.809999999999999
2025,14,2025-11-30,sociedad,villarreal,2025|2025-11-30|sociedad|villarreal,A,A,0.323940806811271,0.2763024528684371,0.3997567403202919,0.3997567403202919,1.087077433057723,0.07581593350902088,2.9,3.4,2.35,1.0644771481593371,2.35,0.3997567403202919,-0.060571660247313974,0.0,1,1,1.35,6.159999999999999
2025,14,2025-12-01,vallecano,valencia,2025|2025-12-01|vallecano|valencia,D,H,0.4880098022054963,0.27988797479432875,0.23210222300017505,0.4880098022054963,1.0455109346682698,0.20812182741116753,1.95,3.4,4.1,1.0508405989037266,1.95,0.4880098022054963,-0.04838088569928228,0.0,1,0,-1.0,5.159999999999999
2025,15,2025-12-05,real oviedo,mallorca,2025|2025-12-05|real oviedo|mallorca,D,H,0.36776527331189707,0.31872990353697744,0.31350482315112543,0.36776527331189707,1.0959657272365726,0.049035369774919624,2.6,3.0,3.05,1.0458175704077344,2.6,0.36776527331189707,-0.043810289389067614,0.0,1,0,-1.0,4.159999999999999
2025,15,2025-12-06,alaves,sociedad,2025|2025-12-06|alaves|sociedad,H,H,0.3372093023255814,0.32558139534883723,0.3372093023255814,0.3372093023255814,1.0984765471358193,0.0,2.8,2.9,2.8,1.059113300492611,2.8,0.3372093023255814,-0.05581395348837226,0.0,1,1,1.7999999999999998,5.959999999999999
2025,15,2025-12-06,ath bilbao,ath madrid,2025|2025-12-06|ath bilbao|ath madrid,H,A,0.33635614179719703,0.2943116240725474,0.3693322341302556,0.3693322341302556,1.0943423876133473,0.03297609233305859,2.8,3.2,2.55,1.0617997198879552,2.55,0.3693322341302556,-0.05820280296784819,0.0,1,0,-1.0,4.959999999999999
2025,15,2025-12-06,betis,barcelona,2025|2025-12-06|betis|barcelona,A,A,0.2522368981678739,0.23647209203238181,0.5112910097997444,0.5112910097997444,1.0313851285685725,0.2590541116318705,3.75,4.0,1.85,1.057207207207207,1.85,0.5112910097997444,-0.0541116318704728,0.0,1,1,0.8500000000000001,5.809999999999999
2025,15,2025-12-06,villarreal,getafe,2025|2025-12-06|villarreal|getafe,H,H,0.5869632375656472,0.2486870559159716,0.16434970651838124,0.5869632375656472,0.9555688330287132,0.33827618164967554,1.61,3.8,5.75,1.0581889506374633,1.61,0.5869632375656472,-0.05498918751930798,0.0,1,1,0.6100000000000001,6.419999999999999
2025,15,2025-12-07,elche,girona,2025|2025-12-07|elche|girona,H,H,0.44134505158578524,0.28754298815437523,0.2711119602598395,0.44134505158578524,1.0732389400499558,0.15380206343141,2.15,3.3,3.5,1.0538608678143562,2.15,0.44134505158578524,-0.051108139090561666,0.0,1,1,1.15,7.569999999999999
2025,15,2025-12-07,espanol,vallecano,2025|2025-12-07|espanol|vallecano,H,H,0.41349548842683415,0.2797175362887407,0.3067869752844253,0.41349548842683415,1.084014597261716,0.10670851314240887,2.3,3.4,3.1,1.051480900915766,2.3,0.41349548842683415,-0.048960376618281565,0.0,1,1,1.2999999999999998,8.87
2025,15,2025-12-07,real madrid,celta,2025|2025-12-07|real madrid|celta,A,H,0.7282229965156795,0.1721254355400697,0.09965156794425087,0.7282229965156795,0.7636186556702793,0.5560975609756098,1.3,5.5,9.5,1.056312108943688,1.3,0.7282229965156795,-0.05331010452961668,0.0,1,0,-1.0,7.869999999999999
2025,15,2025-12-07,valencia,sevilla,2025|2025-12-07|valencia|sevilla,D,H,0.44155844155844154,0.2792207792207792,0.2792207792207792,0.44155844155844154,1.0733829017537484,0.16233766233766234,2.15,3.4,3.4,1.0533515731874146,2.15,0.44155844155844154,-0.05064935064935083,0.0,1,0,-1.0,6.869999999999999
2025,15,2025-12-08,osasuna,levante,2025|2025-12-08|osasuna|levante,H,H,0.5407114624505929,0.24901185770750986,0.2102766798418972,0.5407114624505929,1.006547863596537,0.291699604743083,1.75,3.8,4.5,1.0568086883876355,1.75,0.5407114624505929,-0.05375494071146247,0.0,1,1,0.75,7.619999999999999
2025,16,2025-12-12,sociedad,girona,2025|2025-12-12|sociedad|girona,A,H,0.5510440835266822,0.2494199535962877,0.19953596287703015,0.5510440835266822,0.996342558394765,0.3016241299303945,1.72,3.8,4.75,1.0550795593635252,1.72,0.5510440835266822,-0.05220417633410662,0.0,1,0,-1.0,6.619999999999999
2025,16,2025-12-13,ath madrid,valencia,2025|2025-12-13|ath madrid|valencia,H,H,0.7321711568938194,0.18129952456418386,0.08652931854199684,0.7321711568938194,0.7495964598322622,0.5508716323296355,1.3,5.25,11.0,1.0506160506160505,1.3,0.7321711568938194,-0.048177496038034756,0.0,1,1,0.30000000000000004,6.919999999999999
2025,16,2025-12-13,barcelona,osasuna,2025|2025-12-13|barcelona|osasuna,H,H,0.7913043478260869,0.13565217391304346,0.07304347826086957,0.7913043478260869,0.6473426702367033,0.6556521739130434,1.2,7.0,13.0,1.0531135531135531,1.2,0.7913043478260869,-0.050434782608695716,0.0,1,1,0.19999999999999996,7.119999999999999
2025,16,2025-12-13,getafe,espanol,2025|2025-12-13|getafe|espanol,A,H,0.3756449948400413,0.33539731682146545,0.28895768833849333,0.3756449948400413,1.092933052588054,0.04024767801857587,2.5,2.8,3.25,1.0648351648351648,2.5,0.3756449948400413,-0.06088751289989669,0.0,1,0,-1.0,6.119999999999999
2025,16,2025-12-13,mallorca,elche,2025|2025-12-13|mallorca|elche,H,H,0.3875,0.30625,0.30625,0.3875,1.092169308436095,0.08124999999999999,2.45,3.1,3.1,1.053324555628703,2.45,0.3875,-0.05062499999999992,0.0,1,1,1.4500000000000002,7.569999999999999
2025,16,2025-12-14,alaves,real madrid,2025|2025-12-14|alaves|real madrid,A,A,0.1895910780669145,0.2527881040892193,0.5576208178438662,0.5576208178438662,0.9885964155298903,0.3048327137546469,5.0,3.75,1.7,1.0549019607843138,1.7,0.5576208178438662,-0.05204460966542751,0.0,1,1,0.7,8.27
2025,16,2025-12-14,celta,ath bilbao,2025|2025-12-14|celta|ath bilbao,H,A,0.3453310351819934,0.2922031836155328,0.3624657812024739,0.3624657812024739,1.0945125519149932,0.01713474602048054,2.75,3.25,2.62,1.0530080606416483,2.62,0.3624657812024739,-0.05033965324951839,0.0,1,0,-1.0,7.27
2025,16,2025-12-14,sevilla,real oviedo,2025|2025-12-14|sevilla|real oviedo,H,H,0.4972144846796657,0.27785515320334264,0.22493036211699163,0.4972144846796657,1.0388453423307067,0.21935933147632308,1.9,3.4,4.2,1.0585286746277458,1.9,0.4972144846796657,-0.055292479108635106,0.0,1,1,0.8999999999999999,8.169999999999998
2025,16,2025-12-15,vallecano,betis,2025|2025-12-15|vallecano|betis,D,H,0.3666134185303514,0.2803514376996805,0.35303514376996803,0.3666134185303514,1.091979198039715,0.013578274760383369,2.6,3.4,2.7,1.0491034020445786,2.6,0.3666134185303514,-0.046805111821086376,0.0,1,0,-1.0,7.169999999999999
2025,17,2025-12-19,valencia,mallorca,2025|2025-12-19|valencia|mallorca,D,H,0.47810858143607704,0.29422066549912435,0.2276707530647986,0.47810858143607704,1.0496812811368033,0.1838879159369527,2.0,3.25,4.2,1.0457875457875458,2.0,0.47810858143607704,-0.04378283712784592,0.0,1,0,-1.0,6.169999999999999
2025,17,2025-12-20,levante,sociedad,2025|2025-12-20|levante|sociedad,D,A,0.2792207792207792,0.2792207792207792,0.44155844155844154,0.44155844155844154,1.0733829017537484,0.16233766233766234,3.4,3.4,2.15,1.0533515731874146,2.15,0.44155844155844154,-0.05064935064935083,0.0,1,0,-1.0,5.169999999999999
2025,17,2025-12-20,osasuna,alaves,2025|2025-12-20|osasuna|alaves,H,H,0.43744548890396356,0.30836321348967927,0.25419129760635717,0.43744548890396356,1.0726212515508977,0.1290822754142843,2.15,3.05,3.7,1.063255401799054,2.15,0.43744548890396356,-0.05949219885647827,0.0,1,1,1.15,6.3199999999999985
2025,17,2025-12-20,real madrid,sevilla,2025|2025-12-20|real madrid|sevilla,H,H,0.7865168539325843,0.1348314606741573,0.07865168539325842,0.7865168539325843,0.6590305519310351,0.651685393258427,1.2,7.0,12.0,1.0595238095238095,1.2,0.7865168539325843,-0.056179775280898875,0.0,1,1,0.19999999999999996,6.519999999999999
2025,17,2025-12-20,real oviedo,celta,2025|2025-12-20|real oviedo|celta,D,A,0.2642238998342847,0.2717731541152642,0.46400294605045117,0.46400294605045117,1.062025042577554,0.19222979193518697,3.6,3.5,2.05,1.051296941540844,2.05,0.46400294605045117,-0.04879396059657526,0.0,1,0,-1.0,5.519999999999999
2025,17,2025-12-21,betis,getafe,2025|2025-12-21|betis|getafe,H,H,0.557163531114327,0.27062228654124454,0.17221418234442837,0.557163531114327,0.9825223263250118,0.2865412445730825,1.7,3.5,5.5,1.0557677616501147,1.7,0.557163531114327,-0.05282199710564406,0.0,1,1,0.7,6.219999999999999
2025,17,2025-12-21,elche,vallecano,2025|2025-12-21|elche|vallecano,H,H,0.39616613418530355,0.30670926517571884,0.2971246006389776,0.39616613418530355,1.0898961829389084,0.08945686900958472,2.4,3.1,3.2,1.051747311827957,2.4,0.39616613418530355,-0.049201277955271516,0.0,1,1,1.4,7.619999999999999
2025,17,2025-12-21,girona,ath madrid,2025|2025-12-21|girona|ath madrid,A,A,0.19004006868918144,0.2375500858614768,0.5724098454493417,0.5724098454493417,0.9763618501694595,0.3348597595878649,5.0,4.0,1.66,1.052409638554217,1.66,0.5724098454493417,-0.0497996565540928,0.0,1,1,0.6599999999999999,8.28
2025,17,2025-12-21,villarreal,barcelona,2025|2025-12-21|villarreal|barcelona,A,A,0.29061595700702775,0.19884249689954528,0.5105415460934271,0.5105415460934271,1.0235367658992234,0.2199255890863993,3.25,4.75,1.85,1.0587591640223217,1.85,0.5105415460934271,-0.05549813972715989,0.0,1,1,0.8500000000000001,9.129999999999999
2025,17,2025-12-22,ath bilbao,espanol,2025|2025-12-22|ath bilbao|espanol,A,H,0.5446293494704993,0.26475037821482605,0.19062027231467477,0.5446293494704993,0.9987364161988008,0.2798789712556733,1.75,3.6,5.0,1.0492063492063493,1.75,0.5446293494704993,-0.046898638426626116,0.0,1,0,-1.0,8.129999999999999
2025,18,2026-01-02,vallecano,getafe,2025|2026-01-02|vallecano|getafe,D,H,0.47072925831319157,0.3231408769938741,0.20612986469293443,0.47072925831319157,1.0452533114255935,0.14758838131931745,2.08,3.03,4.75,1.0213285498590343,2.08,0.47072925831319157,-0.02088314270856151,0.0,1,0,-1.0,7.129999999999999
2025,18,2026-01-03,celta,valencia,2025|2026-01-03|celta|valencia,H,H,0.474820143884892,0.28776978417266186,0.237410071942446,0.474820143884892,1.053487309629286,0.18705035971223016,2.0,3.3,4.0,1.053030303030303,2.0,0.474820143884892,-0.05035971223021596,0.0,1,1,1.0,8.129999999999999
2025,18,2026-01-03,elche,villarreal,2025|2026-01-03|elche|villarreal,A,A,0.2936129647283127,0.2726406101048618,0.43374642516682554,0.43374642516682554,1.0764508384506144,0.14013346043851282,3.25,3.5,2.2,1.0479520479520479,2.2,0.43374642516682554,-0.04575786463298381,0.0,1,1,1.2000000000000002,9.329999999999998
2025,18,2026-01-03,espanol,barcelona,2025|2026-01-03|espanol|barcelona,A,A,0.17840375586854462,0.1971830985915493,0.6244131455399061,0.6244131455399061,0.9217295737329116,0.4272300469483568,5.25,4.75,1.5,1.0676691729323307,1.5,0.6244131455399061,-0.06338028169014082,0.0,1,1,0.5,9.829999999999998
2025,18,2026-01-03,osasuna,ath bilbao,2025|2026-01-03|osasuna|ath bilbao,D,A,0.3145127907939399,0.32535805944200685,0.3601291497640533,0.3601291497640533,1.0969252290481577,0.03477109032204645,3.0,2.9,2.62,1.059840308853207,2.62,0.3601291497640533,-0.0564616276181803,0.0,1,0,-1.0,8.829999999999998
2025,18,2026-01-04,alaves,real oviedo,2025|2026-01-04|alaves|real oviedo,D,H,0.5200073197511285,0.30697206294985974,0.17302061729901186,0.5200073197511285,1.006110557862796,0.21303525680126872,1.83,3.1,5.5,1.050846914411166,1.83,0.5200073197511285,-0.04838660485543489,0.0,1,0,-1.0,7.829999999999999
2025,18,2026-01-04,mallorca,girona,2025|2026-01-04|mallorca|girona,A,H,0.42285270112708895,0.29731830547998445,0.27982899339292655,0.42285270112708895,1.080979075961084,0.1255343956471045,2.25,3.2,3.4,1.051062091503268,2.25,0.42285270112708895,-0.04858142246404984,0.0,1,0,-1.0,6.829999999999999
2025,18,2026-01-04,real madrid,betis,2025|2026-01-04|real madrid|betis,H,H,0.6464417351857102,0.1973348454777431,0.15622341933654663,0.6464417351857102,0.8922938603527061,0.44910688970796714,1.45,4.75,6.0,1.0668481548699336,1.45,0.6464417351857102,-0.06265948398072019,0.0,1,1,0.44999999999999996,7.279999999999999
2025,18,2026-01-04,sevilla,levante,2025|2026-01-04|sevilla|levante,A,H,0.5392195506503744,0.26212061489948757,0.1986598344501379,0.5392195506503744,1.0050723662773398,0.27709893575088684,1.75,3.6,4.75,1.0597326649958227,1.75,0.5392195506503744,-0.05636578636184475,0.0,1,0,-1.0,6.279999999999999
2025,18,2026-01-04,sociedad,ath madrid,2025|2026-01-04|sociedad|ath madrid,D,A,0.24178154825026513,0.26193001060445387,0.496288441145281,0.496288441145281,1.0418627990298717,0.2343584305408271,3.9,3.6,1.9,1.0605038236617186,1.9,0.496288441145281,-0.0570519618239661,0.0,1,0,-1.0,5.279999999999999
2025,19,2025-12-02,barcelona,ath madrid,2025|2025-12-02|barcelona|ath madrid,H,H,0.5504362438997167,0.21864903914723152,0.23091471695305188,0.5504362438997167,0.9994973917402241,0.3195215269466648,1.72,4.33,4.1,1.0562446700786896,1.72,0.5504362438997167,-0.053249660492487305,0.0,1,1,0.72,5.999999999999999
2025,19,2025-12-03,ath bilbao,real madrid,2025|2025-12-03|ath bilbao|real madrid,A,A,0.23099703849950645,0.24284304047384012,0.5261599210266535,0.5261599210266535,1.0200706968316464,0.28331688055281345,4.1,3.9,1.8,1.0558682509902022,1.8,0.5261599210266535,-0.05291214215202361,0.0,1,1,0.8,6.799999999999999
2025,19,2026-01-09,getafe,sociedad,2025|2026-01-09|getafe|sociedad,A,A,0.2751924109540004,0.3265616609987471,0.39824592804725256,0.39824592804725256,1.0872029165718262,0.07168426704850545,3.56,3.0,2.46,1.020736274778478,2.46,0.39824592804725256,-0.020315017003758706,0.0,1,1,1.46,8.259999999999998
2025,19,2026-01-10,girona,osasuna,2025|2026-01-10|girona|osasuna,H,H,0.40173053152039556,0.29913473423980225,0.29913473423980225,0.40173053152039556,1.0883958963947082,0.10259579728059331,2.42,3.25,3.25,1.0286077558804831,2.42,0.40173053152039556,-0.02781211372064274,0.0,1,1,1.42,9.68
2025,19,2026-01-10,real oviedo,betis,2025|2026-01-10|real oviedo|betis,D,A,0.22098548460587122,0.27781032350452384,0.501204191889605,0.501204191889605,1.0356392922563653,0.22339386838508113,4.4,3.5,1.94,1.0284509305127862,1.94,0.501204191889605,-0.027663867734166403,0.0,1,0,-1.0,8.68
2025,19,2026-01-10,valencia,elche,2025|2026-01-10|valencia|elche,D,H,0.4303414218315966,0.3039286291685651,0.2657299489998383,0.4303414218315966,1.0769864679974515,0.12641279266303151,2.26,3.2,3.66,1.0282019198220418,2.26,0.4303414218315966,-0.027428386660591664,0.0,1,0,-1.0,7.679999999999999
2025,19,2026-01-10,villarreal,alaves,2025|2026-01-10|villarreal|alaves,H,H,0.6564589390235439,0.21399983034247685,0.12954123063397932,0.6564589390235439,0.8709917184826454,0.4424591086810671,1.48,4.54,7.5,1.0292733261896256,1.48,0.6564589390235439,-0.02844077024515501,0.0,1,1,0.48,8.159999999999998
2025,19,2026-01-11,levante,espanol,2025|2026-01-11|levante|espanol,D,A,0.3035299131314899,0.29344281632047364,0.4030272705480364,0.4030272705480364,1.0879247820587725,0.09949735741654647,3.2,3.31,2.41,1.0295525629614772,2.41,0.4030272705480364,-0.02870427797923214,0.0,1,0,-1.0,7.159999999999998
2025,19,2026-01-11,vallecano,mallorca,2025|2026-01-11|vallecano|mallorca,H,H,0.50328853302831,0.29434753598322366,0.20236393098846628,0.50328853302831,1.0288533439291438,0.20894099704508634,1.93,3.3,4.8,1.029498351389543,1.93,0.50328853302831,-0.02865313125536173,0.0,1,1,0.9299999999999999,8.089999999999998
2025,19,2026-01-12,sevilla,celta,2025|2026-01-12|sevilla|celta,A,H,0.37011679878083453,0.2893243412298559,0.3405588599893095,0.37011679878083453,1.0935335743995467,0.029557938791525018,2.65,3.39,2.88,1.0195659635257233,2.65,0.37011679878083453,-0.019190483230788535,0.0,1,0,-1.0,7.089999999999999
2025,20,2026-01-16,espanol,girona,2025|2026-01-16|espanol|girona,A,H,0.5011933174224343,0.2720763723150358,0.22673031026252982,0.5011933174224343,1.036826745054137,0.22911694510739855,1.9,3.5,4.2,1.050125313283208,1.9,0.5011933174224343,-0.047732696897374804,0.0,1,0,-1.0,6.089999999999999
2025,20,2026-01-17,betis,villarreal,2025|2026-01-17|betis|villarreal,H,H,0.36522633744855965,0.26954732510288065,0.36522633744855965,0.36522633744855965,1.0891192915870311,0.0,2.62,3.55,2.62,1.0450489194710246,2.62,0.36522633744855965,-0.043106995884773736,0.0,1,1,1.62,7.709999999999999
2025,20,2026-01-17,mallorca,ath bilbao,2025|2026-01-17|mallorca|ath bilbao,H,A,0.2518667195913813,0.3261460572335852,0.42198722317503357,0.42198722317503357,1.0767872742419682,0.09584116594144837,3.82,2.95,2.28,1.0393596467875696,2.28,0.42198722317503357,-0.03786913116092361,0.0,1,0,-1.0,6.709999999999999
2025,20,2026-01-17,osasuna,real oviedo,2025|2026-01-17|osasuna|real oviedo,H,H,0.5292652552926526,0.28019925280199254,0.19053549190535493,0.5292652552926526,1.0091299452519742,0.24906600249066002,1.8,3.4,5.0,1.0496732026143791,1.8,0.5292652552926526,-0.04732254047322537,0.0,1,1,0.8,7.509999999999999
2025,20,2026-01-17,real madrid,levante,2025|2026-01-17|real madrid|levante,H,H,0.8469423944066337,0.09626264502727443,0.0567949605660919,0.8469423944066337,0.5289212530808387,0.7506797493793592,1.14,10.03,17.0,1.0357174091759809,1.14,0.8469423944066337,-0.03448567037643771,0.0,1,1,0.1399999999999999,7.649999999999999
2025,20,2026-01-18,ath madrid,alaves,2025|2026-01-18|ath madrid|alaves,H,H,0.702685821361649,0.19113054341036856,0.1061836352279825,0.702685821361649,0.8023478732313751,0.5115552779512804,1.36,5.0,9.0,1.04640522875817,1.36,0.702685821361649,-0.04434728294815726,0.0,1,1,0.3600000000000001,8.009999999999998
2025,20,2026-01-18,celta,vallecano,2025|2026-01-18|celta|vallecano,H,H,0.46444121915820036,0.29753265602322204,0.23802612481857766,0.46444121915820036,1.0585244951928323,0.16690856313497832,2.05,3.2,4.0,1.0503048780487805,2.05,0.46444121915820036,-0.04789550072568932,0.0,1,1,1.0499999999999998,9.059999999999999
2025,20,2026-01-18,getafe,valencia,2025|2026-01-18|getafe|valencia,A,H,0.3732060289437339,0.3460637722932805,0.28073019876298566,0.3732060289437339,1.0916892355787393,0.02714225665045339,2.55,2.75,3.39,1.0507784771189248,2.55,0.3732060289437339,-0.04832462619347866,0.0,1,0,-1.0,8.059999999999999
2025,20,2026-01-18,sociedad,barcelona,2025|2026-01-18|sociedad|barcelona,H,A,0.1881901052811778,0.20863648035607296,0.6031734143627493,0.6031734143627493,0.9462362081236757,0.39453693400667633,5.0,4.51,1.56,1.062755131047814,1.56,0.6031734143627493,-0.05904947359411106,0.0,1,0,-1.0,7.059999999999999
2025,20,2026-01-19,elche,sevilla,2025|2026-01-19|elche|sevilla,D,H,0.4212076583210604,0.2871870397643594,0.2916053019145803,0.4212076583210604,1.0818502234468752,0.1296023564064801,2.25,3.3,3.25,1.0551670551670551,2.25,0.4212076583210604,-0.052282768777614064,0.0,1,0,-1.0,6.059999999999999
2025,21,2026-01-23,levante,elche,2025|2026-01-23|levante|elche,H,H,0.3930870469288907,0.28230797006711245,0.32460498300399687,0.3930870469288907,1.089313874324372,0.06848206392489381,2.37,3.3,2.87,1.073403287049474,2.37,0.3930870469288907,-0.06838369877852901,0.0,1,1,1.37,7.429999999999999
2025,21,2026-01-24,sevilla,ath bilbao,2025|2026-01-24|sevilla|ath bilbao,H,A,0.3276447097468048,0.3134467723244433,0.3589085179287519,0.3589085179287519,1.0970011317001758,0.03126380818194707,2.87,3.0,2.62,1.0634447783954393,2.62,0.3589085179287519,-0.05965968302667002,0.0,1,0,-1.0,6.429999999999999
2025,21,2026-01-24,valencia,espanol,2025|2026-01-24|valencia|espanol,H,H,0.3875,0.30625,0.30625,0.3875,1.092169308436095,0.08124999999999999,2.45,3.1,3.1,1.053324555628703,2.45,0.3875,-0.05062499999999992,0.0,1,1,1.4500000000000002,7.879999999999999
2025,21,2026-01-24,vallecano,osasuna,2025|2026-01-24|vallecano|osasuna,A,H,0.4427206508371961,0.29287673824614513,0.2644026109166588,0.4427206508371961,1.0721197559821234,0.14984391259105095,2.15,3.25,3.6,1.050586364539853,2.15,0.4427206508371961,-0.04815060070002841,0.0,1,0,-1.0,6.879999999999999
2025,21,2026-01-24,villarreal,real madrid,2025|2026-01-24|villarreal|real madrid,A,A,0.2799712849964106,0.24407753050969133,0.47595118449389806,0.47595118449389806,1.0540028009593196,0.19597989949748745,3.4,3.9,2.0,1.05052790346908,2.0,0.47595118449389806,-0.04809763101220388,0.0,1,1,1.0,7.879999999999999
2025,21,2026-01-25,alaves,betis,2025|2026-01-25|alaves|betis,H,H,0.36189683860232946,0.3136439267886855,0.32445923460898507,0.36189683860232946,1.0967095132235074,0.03743760399334439,2.6,3.0,2.9,1.0627763041556144,2.6,0.36189683860232946,-0.059068219633943375,0.0,1,1,1.6,9.479999999999999
2025,21,2026-01-25,ath madrid,mallorca,2025|2026-01-25|ath madrid|mallorca,H,H,0.7258900795022468,0.17974421016246112,0.0943657103352921,0.7258900795022468,0.763782007396142,0.5461458693397857,1.3,5.25,10.0,1.0597069597069597,1.3,0.7258900795022468,-0.05634289664707909,0.0,1,1,0.30000000000000004,9.78
2025,21,2026-01-25,barcelona,real oviedo,2025|2026-01-25|barcelona|real oviedo,H,H,0.8551239929789819,0.094918763220667,0.049957243800351055,0.8551239929789819,0.507044122393846,0.7602052297583148,1.11,10.0,19.0,1.0535324798482693,1.11,0.8551239929789819,-0.05081236779333001,0.0,1,1,0.1100000000000001,9.889999999999999
2025,21,2026-01-25,sociedad,celta,2025|2026-01-25|sociedad|celta,H,H,0.4729136163982431,0.2781844802342607,0.24890190336749635,0.4729136163982431,1.0562137345196114,0.1947291361639824,2.0,3.4,3.8,1.0572755417956656,2.0,0.4729136163982431,-0.05417276720351388,0.0,1,1,1.0,10.889999999999999
2025,21,2026-01-26,girona,getafe,2025|2026-01-26|girona|getafe,D,H,0.449438202247191,0.3146067415730337,0.23595505617977527,0.449438202247191,1.0640085535337684,0.1348314606741573,2.1,3.0,4.0,1.0595238095238095,2.1,0.449438202247191,-0.05617977528089885,0.0,1,0,-1.0,9.889999999999999
2025,22,2026-01-30,espanol,alaves,2025|2026-01-30|espanol|alaves,0,H,0.48517520215633425,0.30889487870619947,0.2059299191374663,0.48517520215633425,1.039190662288362,0.17628032345013478,1.91,3.0,4.5,1.0791157649796395,1.91,0.48517520215633425,-0.07331536388140164,0.0,0,0,,9.889999999999999
2025,22,2026-01-31,elche,barcelona,2025|2026-01-31|elche|barcelona,0,A,0.1258899543191078,0.1642042882423145,0.7099057574385778,0.7099057574385778,0.8007764508832522,0.5457014691962633,7.5,5.75,1.33,1.0591260760597145,1.33,0.7099057574385778,-0.05582534260669153,0.0,0,0,,9.889999999999999
2025,22,2026-01-31,levante,ath madrid,2025|2026-01-31|levante|ath madrid,0,A,0.1794246708922477,0.2354948805460751,0.5850804485616773,0.5850804485616773,0.9623993022500164,0.3495855680156022,5.25,4.0,1.61,1.0615942028985508,1.61,0.5850804485616773,-0.05802047781569952,0.0,0,0,,9.889999999999999
2025,22,2026-01-31,osasuna,villarreal,2025|2026-01-31|osasuna|villarreal,0,A,0.3434343434343434,0.28619528619528617,0.3703703703703704,0.3703703703703704,1.0929731354564427,0.02693602693602698,2.75,3.3,2.55,1.058823529411765,2.55,0.3703703703703704,-0.05555555555555547,0.0,0,0,,9.889999999999999
2025,22,2026-01-31,real oviedo,girona,2025|2026-01-31|real oviedo|girona,0,H,0.34285714285714286,0.3142857142857143,0.34285714285714286,0.34285714285714286,1.0977878444695828,0.0,2.75,3.0,2.75,1.0606060606060606,2.75,0.34285714285714286,-0.05714285714285716,0.0,0,0,,9.889999999999999
2025,22,2026-02-01,ath bilbao,sociedad,2025|2026-02-01|ath bilbao|sociedad,0,H,0.4134954884268341,0.3067869752844253,0.2797175362887407,0.4134954884268341,1.084014597261716,0.10670851314240881,2.3,3.1,3.4,1.0514809009157662,2.3,0.4134954884268341,-0.048960376618281676,0.0,0,0,,9.889999999999999
2025,22,2026-02-01,betis,valencia,2025|2026-02-01|betis|valencia,0,H,0.5182625863770978,0.27097729516288255,0.21076011846001974,0.5182625863770978,1.022621481774817,0.24728529121421522,1.83,3.5,4.5,1.0543845953682018,1.83,0.5182625863770978,-0.051579466929911055,0.0,0,0,,9.889999999999999
2025,22,2026-02-01,getafe,celta,2025|2026-02-01|getafe|celta,0,H,0.3372093023255814,0.32558139534883723,0.3372093023255814,0.3372093023255814,1.0984765471358193,0.0,2.8,2.9,2.8,1.059113300492611,2.8,0.3372093023255814,-0.05581395348837226,0.0,0,0,,9.889999999999999
2025,22,2026-02-01,real madrid,vallecano,2025|2026-02-01|real madrid|vallecano,0,H,0.7619047619047619,0.15873015873015872,0.07936507936507936,0.7619047619047619,0.7004253769361404,0.6031746031746031,1.25,6.0,12.0,1.05,1.25,0.7619047619047619,-0.04761904761904767,0.0,0,0,,9.889999999999999
2025,22,2026-02-02,mallorca,sevilla,2025|2026-02-02|mallorca|sevilla,0,H,0.39616613418530355,0.2971246006389776,0.30670926517571884,0.39616613418530355,1.0898961829389082,0.08945686900958472,2.4,3.2,3.1,1.051747311827957,2.4,0.39616613418530355,-0.049201277955271516,0.0,0,0,,9.889999999999999
