Season,Matchday,Date,HomeTeam_norm,AwayTeam_norm,pred_key,pred_key_match,y_true,y_pred,proba_H,proba_D,proba_A,conf_maxprob,entropy,margin_top12,B365H,B365D,B365A,overround,pH_mkt,pD_mkt,pA_mkt,odds_pick,p_pick,ev_pick,kelly_pick,bet_placed,correct,profit,cum_profit_season
2025,1,2025-08-15,girona,vallecano,2025|2025-08-15|girona|vallecano,2025|2025-08-15|girona|vallecano,A,A,0.3248908398288194,0.26991060220982604,0.40519855796135457,0.40519855796135457,1.0848035521385382,0.08030771813253518,2.25,3.25,3.3,1.0551670551670551,0.4212076583210604,0.2916053019145803,0.2871870397643594,3.3,0.40519855796135457,0.3371552412724701,0.14658923533585658,1,1,2.3,2.3
2025,1,2025-08-15,villarreal,real oviedo,2025|2025-08-15|villarreal|real oviedo,2025|2025-08-15|villarreal|realoviedo,H,H,0.8103167168892942,0.16518680284759035,0.024496480263115555,0.8103167168892942,0.5587452654101357,0.6451299140417038,1.4,4.75,8.0,1.0498120300751879,0.6803939122649956,0.20053715308863027,0.11906893464637423,1.4,0.8103167168892942,0.13444340364501178,0.33610850911252954,1,1,0.3999999999999999,2.6999999999999997
2025,1,2025-08-16,alaves,levante,2025|2025-08-16|alaves|levante,2025|2025-08-16|alaves|levante,H,H,0.35277402973028543,0.31469671295535423,0.3325292573143604,0.35277402973028543,1.0975241419279187,0.02024477241592504,2.15,3.0,3.8,1.061607507139943,0.43812451960030746,0.31398923904688697,0.24788624135280551,2.15,0.35277402973028543,-0.24153583607988632,0.0,1,1,1.15,3.8499999999999996
2025,1,2025-08-16,mallorca,barcelona,2025|2025-08-16|mallorca|barcelona,2025|2025-08-16|mallorca|barcelona,A,A,0.0557417091307253,0.12421007848505128,0.8200482123842235,0.8200482123842235,0.5826939378813292,0.6958381338991723,7.0,5.0,1.4,1.0571428571428572,0.13513513513513511,0.1891891891891892,0.6756756756756757,1.4,0.8200482123842235,0.14806749733791286,0.3701687433447822,1,1,0.3999999999999999,4.25
2025,1,2025-08-16,valencia,sociedad,2025|2025-08-16|valencia|sociedad,2025|2025-08-16|valencia|sociedad,D,D,0.362611351971913,0.4280706767641976,0.20931797126388949,0.4280706767641976,1.0583979080963135,0.06545932479228456,2.6,2.9,3.1,1.0520236159835714,0.36559577063847093,0.3277755185034567,0.3066287108580724,2.9,0.4280706767641976,0.24140496261617284,0.12705524348219624,1,1,1.9,6.1499999999999995
2025,1,2025-08-17,ath bilbao,sevilla,2025|2025-08-17|ath bilbao|sevilla,2025|2025-08-17|athbilbao|sevilla,H,H,0.668135762100861,0.2127633353409127,0.1191009025582262,0.668135762100861,0.8521232307628098,0.45537242675994827,1.57,3.9,6.0,1.0600195982361589,0.6008782066096602,0.2418919959941453,0.15722979739619442,1.57,0.668135762100861,0.04897314649835183,0.08591780087430144,1,1,0.5700000000000001,6.72
2025,1,2025-08-17,celta,getafe,2025|2025-08-17|celta|getafe,2025|2025-08-17|celta|getafe,A,H,0.6232022667929299,0.26367515632723676,0.11312257687983332,0.6232022667929299,0.892717460054695,0.35952711046569313,1.73,3.5,5.25,1.054225158271401,0.5483028720626633,0.2710182767624021,0.1806788511749347,1.73,0.6232022667929299,0.07813992155176869,0.1070409884270804,1,0,-1.0,5.72
2025,1,2025-08-17,espanol,ath madrid,2025|2025-08-17|espanol|ath madrid,2025|2025-08-17|espanol|athmadrid,H,A,0.12137981359592688,0.3109902631858358,0.5676299232182372,0.5676299232182372,0.9406447979468424,0.25663966003240146,6.0,3.9,1.57,1.0600195982361589,0.15722979739619442,0.2418919959941453,0.6008782066096602,1.57,0.5676299232182372,-0.10882102054736748,0.0,1,0,-1.0,4.72
2025,1,2025-08-18,elche,betis,2025|2025-08-18|elche|betis,2025|2025-08-18|elche|betis,D,A,0.18903776507196945,0.3037301127089102,0.5072321222191204,0.5072321222191204,1.0211326387196529,0.2035020095102102,3.4,3.3,2.2,1.0516934046345812,0.2796610169491525,0.288135593220339,0.43220338983050843,2.2,0.5072321222191204,0.11591066888206492,0.09659222406838741,1,0,-1.0,3.7199999999999998
2025,1,2025-08-19,real madrid,osasuna,2025|2025-08-19|real madrid|osasuna,2025|2025-08-19|realmadrid|osasuna,H,H,0.8423772139818705,0.10234119196055656,0.05528159405757295,0.8423772139818705,0.5378293055608302,0.7400360220213139,1.22,6.25,13.0,1.056595208070618,0.7757674129947009,0.1514297990165656,0.07280278798873346,1.22,0.8423772139818705,0.027700201057881985,0.1259100048085545,1,1,0.21999999999999997,3.9399999999999995
2025,2,2025-08-22,betis,alaves,2025|2025-08-22|betis|alaves,2025|2025-08-22|betis|alaves,H,H,0.517899828284906,0.300164575949042,0.18193559576605206,0.517899828284906,1.0120266032196257,0.217735252335864,1.91,3.4,4.2,1.0557730945781454,0.4959022086400889,0.2785803583831088,0.22551743297680232,1.91,0.517899828284906,-0.010811327975829566,0.0,1,1,0.9099999999999999,4.85
2025,2,2025-08-23,ath madrid,elche,2025|2025-08-23|ath madrid|elche,2025|2025-08-23|athmadrid|elche,D,H,0.8201523187262482,0.10194417118686505,0.07790351008688678,0.8201523187262482,0.5942117479078983,0.7182081475393831,1.25,5.25,15.0,1.0571428571428572,0.7567567567567568,0.18018018018018017,0.06306306306306306,1.25,0.8201523187262482,0.025190398407810205,0.10076159363124082,1,0,-1.0,3.8499999999999996
2025,2,2025-08-23,levante,barcelona,2025|2025-08-23|levante|barcelona,2025|2025-08-23|levante|barcelona,A,A,0.042142476666750445,0.09820243928112696,0.8596550840521225,0.8596550840521225,0.49135383335088756,0.7614526447709956,11.0,6.0,1.25,1.0575757575757576,0.08595988538681948,0.15759312320916904,0.7564469914040115,1.25,0.8596550840521225,0.07456885506515318,0.2982754202606127,1,1,0.25,4.1
2025,2,2025-08-23,mallorca,celta,2025|2025-08-23|mallorca|celta,2025|2025-08-23|mallorca|celta,D,A,0.2227078971896784,0.2979596419199856,0.479332460890336,0.479332460890336,1.0477347440822635,0.1813728189703504,3.15,3.05,2.45,1.0534924352254562,0.3013408609738885,0.31122088920254065,0.3874382498235709,2.45,0.479332460890336,0.17436452918132328,0.12025139943539535,1,0,-1.0,3.0999999999999996
2025,2,2025-08-24,osasuna,valencia,2025|2025-08-24|osasuna|valencia,2025|2025-08-24|osasuna|valencia,H,H,0.40060385808087795,0.35261571354458165,0.24678042837454042,0.40060385808087795,1.0793326697302421,0.047988144536296296,2.4,3.2,3.1,1.051747311827957,0.39616613418530355,0.2971246006389776,0.30670926517571884,2.4,0.40060385808087795,-0.03855074060589292,0.0,1,1,1.4,4.499999999999999
2025,2,2025-08-24,real oviedo,real madrid,2025|2025-08-24|real oviedo|real madrid,2025|2025-08-24|realoviedo|realmadrid,A,A,0.03811380467901517,0.07236775752464907,0.8895184377963357,0.8895184377963357,0.4187023494584411,0.8171506802716866,9.5,5.5,1.3,1.0563121089436878,0.09965156794425088,0.1721254355400697,0.7282229965156795,1.3,0.8895184377963357,0.15637396913523638,0.5212465637841212,1,1,0.30000000000000004,4.799999999999999
2025,2,2025-08-24,sociedad,espanol,2025|2025-08-24|sociedad|espanol,2025|2025-08-24|sociedad|espanol,D,H,0.6057796585079804,0.2477660933012476,0.1464542481907719,0.6057796585079804,0.9306857904047825,0.35801356520673283,1.8,3.4,5.0,1.0496732026143791,0.5292652552926526,0.28019925280199254,0.19053549190535493,1.8,0.6057796585079804,0.09040338531436481,0.11300423164295602,1,0,-1.0,3.7999999999999994
2025,2,2025-08-24,villarreal,girona,2025|2025-08-24|villarreal|girona,2025|2025-08-24|villarreal|girona,H,H,0.7039100296947086,0.21624076999311218,0.07984920031217915,0.7039100296947086,0.7801172851594418,0.48766925970159647,1.53,4.33,6.0,1.0512083201255868,0.6217557060086298,0.21969658895916944,0.15854770503220061,1.53,0.7039100296947086,0.07698234543290422,0.14524970836397022,1,1,0.53,4.329999999999999
2025,2,2025-08-25,ath bilbao,vallecano,2025|2025-08-25|ath bilbao|vallecano,2025|2025-08-25|athbilbao|vallecano,H,H,0.5980212058428236,0.24474633903627702,0.15723245512089945,0.5980212058428236,0.9428333741075864,0.3532748668065466,1.7,3.5,5.5,1.0557677616501147,0.557163531114327,0.27062228654124454,0.17221418234442837,1.7,0.5980212058428236,0.0166360499328001,0.02376578561828586,1,1,0.7,5.029999999999999
2025,2,2025-08-25,sevilla,getafe,2025|2025-08-25|sevilla|getafe,2025|2025-08-25|sevilla|getafe,A,H,0.4260480988914907,0.35947148483123054,0.2144804162772788,0.4260480988914907,1.0614886504479621,0.06657661406026016,2.25,3.0,3.6,1.0555555555555554,0.4210526315789474,0.31578947368421056,0.26315789473684215,2.25,0.4260480988914907,-0.04139177749414591,0.0,1,0,-1.0,4.029999999999999
2025,3,2025-08-29,elche,levante,2025|2025-08-29|elche|levante,2025|2025-08-29|elche|levante,H,H,0.43141461734962205,0.3016460690248086,0.2669393136255693,0.43141461734962205,1.076762980576649,0.12976854832481344,2.15,3.25,3.5,1.058522872476361,0.43940125543215836,0.2906808305166586,0.269917914051183,2.15,0.43141461734962205,-0.07245857269831263,0.0,1,1,1.15,5.18
2025,3,2025-08-29,valencia,getafe,2025|2025-08-29|valencia|getafe,2025|2025-08-29|valencia|getafe,H,H,0.44696255116718026,0.33465329672243005,0.21838415211038967,0.44696255116718026,1.058533262697328,0.1123092544447502,2.25,3.0,3.55,1.0594679186228482,0.4194977843426883,0.3146233382570162,0.2658788774002954,2.25,0.44696255116718026,0.005665740126155505,0.0045325921009244045,1,1,1.25,6.43
2025,3,2025-08-30,alaves,ath madrid,2025|2025-08-30|alaves|ath madrid,2025|2025-08-30|alaves|athmadrid,D,A,0.16782327388407794,0.29516392585153867,0.5370128002643834,0.5370128002643834,0.9935833184328963,0.2418488744128447,4.75,3.5,1.8,1.0517961570593148,0.20015885623510724,0.27164416203335984,0.5281969817315331,1.8,0.5370128002643834,-0.033376959524109906,0.0,1,0,-1.0,5.43
2025,3,2025-08-30,girona,sevilla,2025|2025-08-30|girona|sevilla,2025|2025-08-30|girona|sevilla,A,H,0.3846433027506602,0.3068260065388981,0.30853069071044165,0.3846433027506602,1.092821960937131,0.07611261204021857,2.4,3.3,3.0,1.053030303030303,0.3956834532374101,0.2877697841726619,0.31654676258992803,2.4,0.3846433027506602,-0.0768560733984156,0.0,1,0,-1.0,4.43
2025,3,2025-08-30,real madrid,mallorca,2025|2025-08-30|real madrid|mallorca,2025|2025-08-30|realmadrid|mallorca,H,H,0.880525135312201,0.09464807096321103,0.024826793724587976,0.880525135312201,0.42693218395267174,0.78587706434899,1.18,7.0,15.0,1.0569814366424537,0.8017715332926084,0.13515577275503968,0.06307269395235185,1.18,0.880525135312201,0.03901965966839713,0.2167758870466508,1,1,0.17999999999999994,4.609999999999999
2025,3,2025-08-30,real oviedo,sociedad,2025|2025-08-30|real oviedo|sociedad,2025|2025-08-30|realoviedo|sociedad,H,A,0.22338116667055186,0.3040878922316105,0.47253094109783766,0.47253094109783766,1.0510523255703574,0.16844304886622719,3.5,3.1,2.25,1.0527393753200205,0.2714007782101167,0.306420233463035,0.42217898832684825,2.25,0.47253094109783766,0.06319461747013477,0.05055569397610782,1,0,-1.0,3.6099999999999994
2025,3,2025-08-31,betis,ath bilbao,2025|2025-08-31|betis|ath bilbao,2025|2025-08-31|betis|athbilbao,A,A,0.3054023326157648,0.3233077979682239,0.3712898694160114,0.3712898694160114,1.0951722527389427,0.04798207144778749,3.25,3.2,2.3,1.0549749163879598,0.2916584109371904,0.29621557360808404,0.41212601545472566,2.3,0.3712898694160114,-0.14603330034317386,0.0,1,1,1.2999999999999998,4.909999999999999
2025,3,2025-08-31,celta,villarreal,2025|2025-08-31|celta|villarreal,2025|2025-08-31|celta|villarreal,D,H,0.3911933185031737,0.28833140265972795,0.3204752788370984,0.3911933185031737,1.090422552262409,0.07071803966607526,2.75,3.5,2.5,1.0493506493506493,0.34653465346534656,0.2722772277227723,0.38118811881188125,2.75,0.3911933185031737,0.07578162588372772,0.043303786219272986,1,0,-1.0,3.9099999999999993
2025,3,2025-08-31,espanol,osasuna,2025|2025-08-31|espanol|osasuna,2025|2025-08-31|espanol|osasuna,H,H,0.40102350546432936,0.3021047455087604,0.2968717490269101,0.40102350546432936,1.0885804898717268,0.09891875995556898,2.3,3.25,3.1,1.0650555615492503,0.40822528363047,0.28889789303079416,0.3028768233387358,2.3,0.40102350546432936,-0.07764593743204251,0.0,1,1,1.2999999999999998,5.209999999999999
2025,3,2025-08-31,vallecano,barcelona,2025|2025-08-31|vallecano|barcelona,2025|2025-08-31|vallecano|barcelona,D,A,0.089312028629835,0.14807831438013372,0.7626096569900312,0.7626096569900312,0.7052495514089543,0.6145313426098975,6.25,5.5,1.4,1.0561038961038962,0.15150024594195768,0.17215937038858828,0.6763403836694539,1.4,0.7626096569900312,0.06765351978604367,0.1691337994651092,1,0,-1.0,4.209999999999999
2025,4,2025-09-12,sevilla,elche,2025|2025-09-12|sevilla|elche,2025|2025-09-12|sevilla|elche,D,H,0.5607751774874835,0.26270292161650116,0.17652190089601535,0.5607751774874835,0.9816791214853169,0.29807225587098235,1.85,3.4,4.5,1.056880409821586,0.5114491057997661,0.2782884840381081,0.21026241016212607,1.85,0.5607751774874835,0.037434078351844535,0.044040092178640626,1,0,-1.0,3.209999999999999
2025,4,2025-09-13,ath bilbao,alaves,2025|2025-09-13|ath bilbao|alaves,2025|2025-09-13|athbilbao|alaves,A,H,0.6814670235492553,0.2009083666802997,0.11762460977044499,0.6814670235492553,0.8355336681582488,0.48055865686895555,1.6,3.9,5.75,1.0553232998885171,0.5922355737488446,0.24296844051234656,0.16479598573880894,1.6,0.6814670235492553,0.09034723767880848,0.1505787294646808,1,0,-1.0,2.209999999999999
2025,4,2025-09-13,ath madrid,villarreal,2025|2025-09-13|ath madrid|villarreal,2025|2025-09-13|athmadrid|villarreal,H,H,0.5529844214127043,0.28077939616060216,0.1662361824266935,0.5529844214127043,0.9825292797777393,0.27220502525210216,1.8,3.7,4.33,1.056772708042916,0.5257095980311731,0.2557506152584085,0.21853978671041838,1.8,0.5529844214127043,-0.004628041457132193,0.0,1,1,0.8,3.009999999999999
2025,4,2025-09-13,getafe,real oviedo,2025|2025-09-13|getafe|real oviedo,2025|2025-09-13|getafe|realoviedo,H,H,0.5798382905217397,0.32187247994365126,0.09828922953460904,0.5798382905217397,0.9089053192523414,0.2579658105780885,1.95,3.1,4.5,1.0576233802040256,0.48488008342022937,0.30500521376433776,0.21011470281543268,1.95,0.5798382905217397,0.13068466651739252,0.1375628068604132,1,1,0.95,3.959999999999999
2025,4,2025-09-13,sociedad,real madrid,2025|2025-09-13|sociedad|real madrid,2025|2025-09-13|sociedad|realmadrid,A,A,0.1336030419649347,0.20189479794252585,0.6645021600925394,0.6645021600925394,0.863554017457073,0.4626073621500135,5.0,4.33,1.6,1.05594688221709,0.1894034665646017,0.2187107004210181,0.5918858330143802,1.6,0.6645021600925394,0.06320345614806305,0.10533909358010507,1,1,0.6000000000000001,4.559999999999999
2025,4,2025-09-14,barcelona,valencia,2025|2025-09-14|barcelona|valencia,2025|2025-09-14|barcelona|valencia,H,H,0.8555391080046186,0.09888277193864309,0.045578120056738274,0.8555391080046186,0.5030413049071331,0.7566563360659755,1.22,7.0,11.0,1.0534383649137746,0.7780921584478578,0.13561034761519808,0.08629749393694423,1.22,0.8555391080046186,0.0437577117656347,0.1988986898437941,1,1,0.21999999999999997,4.779999999999999
2025,4,2025-09-14,celta,girona,2025|2025-09-14|celta|girona,2025|2025-09-14|celta|girona,D,H,0.6978560044218056,0.2185997132551945,0.08354428232299983,0.6978560044218056,0.7908206961146896,0.4792562911666111,1.73,3.9,4.75,1.044971254280655,0.5531584526493378,0.2453754161752191,0.20146613117544301,1.73,0.6978560044218056,0.2072908876497237,0.28396012006811466,1,0,-1.0,3.779999999999999
2025,4,2025-09-14,levante,betis,2025|2025-09-14|levante|betis,2025|2025-09-14|levante|betis,D,A,0.21298691955695048,0.39026298211797933,0.39675009832507013,0.39675009832507013,1.0633764821475682,0.006487116207090804,3.25,3.25,2.3,1.0501672240802677,0.2929936305732484,0.2929936305732484,0.41401273885350315,2.3,0.39675009832507013,-0.08747477385233882,0.0,1,0,-1.0,2.779999999999999
2025,4,2025-09-14,osasuna,vallecano,2025|2025-09-14|osasuna|vallecano,2025|2025-09-14|osasuna|vallecano,H,A,0.33345802636870747,0.32841574583298094,0.33812622779831164,0.33812622779831164,1.098541517859285,0.0046682014296041685,2.55,3.2,2.9,1.0494844489519948,0.37366619689953695,0.29776525065431847,0.3285685524461445,2.9,0.33812622779831164,-0.019433939384896237,0.0,1,0,-1.0,1.779999999999999
2025,4,2025-09-15,espanol,mallorca,2025|2025-09-15|espanol|mallorca,2025|2025-09-15|espanol|mallorca,H,H,0.48178655139197546,0.35825636203790584,0.15995708657011856,0.48178655139197546,1.012756372915771,0.12353018935406962,2.1,3.4,3.5,1.0560224089635852,0.4509283819628648,0.2785145888594165,0.27055702917771884,2.1,0.48178655139197546,0.011751757923148531,0.010683416293771392,1,1,1.1,2.879999999999999
2025,5,2025-09-19,betis,sociedad,2025|2025-09-19|betis|sociedad,2025|2025-09-19|betis|sociedad,H,H,0.45741036470980795,0.3085739807949976,0.23401565449519454,0.45741036470980795,1.060470654535896,0.14883638391481036,2.05,3.1,4.0,1.060385523210071,0.46002596920793914,0.30421072157299195,0.2357633092190688,2.05,0.45741036470980795,-0.06230875234489375,0.0,1,1,1.0499999999999998,3.929999999999999
2025,5,2025-09-20,alaves,sevilla,2025|2025-09-20|alaves|sevilla,2025|2025-09-20|alaves|sevilla,A,D,0.28878358621715156,0.44064894454290315,0.2705674692399453,0.44064894454290315,1.0735013833960059,0.1518653583257516,2.4,3.1,3.0,1.0725806451612903,0.3884711779448622,0.3007518796992481,0.3107769423558897,3.1,0.44064894454290315,0.36601172808299987,0.17429129908714278,1,0,-1.0,2.929999999999999
2025,5,2025-09-20,girona,levante,2025|2025-09-20|girona|levante,2025|2025-09-20|girona|levante,A,H,0.5105972749051564,0.26929334281490824,0.22010938227993546,0.5105972749051564,1.0296750581379532,0.24130393209024814,1.9,3.5,3.9,1.0684403315982263,0.4926019487549621,0.2674124864669794,0.23998556477805852,1.9,0.5105972749051564,-0.029865177680202915,0.0,1,0,-1.0,1.9299999999999988
2025,5,2025-09-20,real madrid,espanol,2025|2025-09-20|real madrid|espanol,2025|2025-09-20|realmadrid|espanol,H,H,0.8571776484254479,0.10108123734467069,0.04174111422988149,0.8571776484254479,0.49634180770706476,0.7560964110807772,1.22,7.0,11.0,1.0534383649137746,0.7780921584478578,0.13561034761519808,0.08629749393694423,1.22,0.8571776484254479,0.045756731079046375,0.20798514126839265,1,1,0.21999999999999997,2.1499999999999986
2025,5,2025-09-20,valencia,ath bilbao,2025|2025-09-20|valencia|ath bilbao,2025|2025-09-20|valencia|athbilbao,H,A,0.27658824989261394,0.3541217316551042,0.36929001845228193,0.36929001845228193,1.0909738903116522,0.015168286797177744,3.2,3.0,2.45,1.0539965986394557,0.2964905203711174,0.3162565550625252,0.3872529245663574,2.45,0.36929001845228193,-0.0952394547919092,0.0,1,0,-1.0,1.1499999999999988
2025,5,2025-09-20,villarreal,osasuna,2025|2025-09-20|villarreal|osasuna,2025|2025-09-20|villarreal|osasuna,H,H,0.6708343791470079,0.1977907980952997,0.13137482275769233,0.6708343791470079,0.854999768466133,0.47304358105170824,1.53,4.1,5.75,1.0714102537444812,0.6100322159112963,0.2276461683766545,0.16232161571204926,1.53,0.6708343791470079,0.026376600094922154,0.049767169990419156,1,1,0.53,1.6799999999999988
2025,5,2025-09-21,barcelona,getafe,2025|2025-09-21|barcelona|getafe,2025|2025-09-21|barcelona|getafe,H,H,0.8449511759766617,0.10566435476798242,0.04938446925535575,0.8449511759766617,0.5283880698756811,0.7392868212086793,1.25,6.25,9.5,1.065263157894737,0.7509881422924901,0.15019762845849802,0.09881422924901184,1.25,0.8449511759766617,0.05618896997082712,0.22475587988330847,1,1,0.25,1.9299999999999988
2025,5,2025-09-21,elche,real oviedo,2025|2025-09-21|elche|real oviedo,2025|2025-09-21|elche|realoviedo,H,H,0.5324758151549343,0.36160397636347397,0.10592020848159169,0.5324758151549343,0.9411995456941716,0.17087183879146028,2.05,3.0,4.1,1.0650406504065042,0.4580152671755725,0.3129770992366412,0.22900763358778625,2.05,0.5324758151549343,0.09157542106761507,0.08721468673106199,1,1,1.0499999999999998,2.9799999999999986
2025,5,2025-09-21,mallorca,ath madrid,2025|2025-09-21|mallorca|ath madrid,2025|2025-09-21|mallorca|athmadrid,D,A,0.1799824725956103,0.3303306690603194,0.4896868583440703,0.4896868583440703,1.0241767265582395,0.1593561892837509,5.0,3.5,1.75,1.0571428571428572,0.1891891891891892,0.27027027027027023,0.5405405405405405,1.75,0.4896868583440703,-0.14304799789787698,0.0,1,0,-1.0,1.9799999999999986
2025,5,2025-09-21,vallecano,celta,2025|2025-09-21|vallecano|celta,2025|2025-09-21|vallecano|celta,D,D,0.3092408794586671,0.3750634359614908,0.3156956845798421,0.3750634359614908,1.0947353160966156,0.05936775138164868,2.3,3.3,3.1,1.0603935568872456,0.41002004008016035,0.28577154308617236,0.30420841683366734,3.3,0.3750634359614908,0.23770933867291955,0.10335188637953024,1,1,2.3,4.2799999999999985
2025,6,2025-08-27,celta,betis,2025|2025-08-27|celta|betis,2025|2025-08-27|celta|betis,D,H,0.3790860897453314,0.3079898931267777,0.3129240171278909,0.3790860897453314,1.0939800717292307,0.0661620726174405,2.2,3.4,3.25,1.056355409296586,0.43029595015576316,0.27842679127725856,0.29127725856697817,2.2,0.3790860897453314,-0.16601060256027078,0.0,1,0,-1.0,3.2799999999999985
2025,6,2025-09-23,ath bilbao,girona,2025|2025-09-23|ath bilbao|girona,2025|2025-09-23|athbilbao|girona,D,H,0.7573415171312415,0.18023629363770036,0.06242218923105809,0.7573415171312415,0.6924775293677141,0.5771052234935412,1.45,4.33,7.0,1.063459197488026,0.6485017704889973,0.2171657199097104,0.13433250960129228,1.45,0.7573415171312415,0.09814519984030018,0.21810044408955598,1,0,-1.0,2.2799999999999985
2025,6,2025-09-23,espanol,valencia,2025|2025-09-23|espanol|valencia,2025|2025-09-23|espanol|valencia,D,H,0.4485371598774982,0.3312870861810083,0.22017575394149352,0.4485371598774982,1.0588152425703845,0.11725007369648993,2.25,3.1,3.4,1.0611427366645583,0.41883568448241604,0.3039936419630439,0.27717067355454006,2.25,0.4485371598774982,0.009208609724370986,0.007366887779496789,1,0,-1.0,1.2799999999999985
2025,6,2025-09-23,levante,real madrid,2025|2025-09-23|levante|real madrid,2025|2025-09-23|levante|realmadrid,A,A,0.06718713424431838,0.15571474791735032,0.7770981178383314,0.7770981178383314,0.6669862784175534,0.6213833699209811,7.5,5.75,1.33,1.0591260760597145,0.12588995431910777,0.16420428824231448,0.7099057574385776,1.33,0.7770981178383314,0.03354049672498077,0.10163786886357808,1,1,0.33000000000000007,1.6099999999999985
2025,6,2025-09-23,sevilla,villarreal,2025|2025-09-23|sevilla|villarreal,2025|2025-09-23|sevilla|villarreal,A,A,0.3169782817768143,0.3386170264720309,0.3444046917511546,0.3444046917511546,1.0979808124501105,0.0057876652791237215,3.1,3.4,2.3,1.0514809009157662,0.3067869752844252,0.27971753628874063,0.41349548842683403,2.3,0.3444046917511546,-0.20786920897234445,0.0,1,1,1.2999999999999998,2.9099999999999984
2025,6,2025-09-24,ath madrid,vallecano,2025|2025-09-24|ath madrid|vallecano,2025|2025-09-24|athmadrid|vallecano,H,H,0.5766955964981311,0.21109692341532232,0.21220748008654663,0.5766955964981311,0.9747469748480055,0.3644881164115844,1.5,4.5,6.0,1.0555555555555556,0.631578947368421,0.21052631578947367,0.15789473684210525,1.5,0.5766955964981311,-0.1349566052528034,0.0,1,1,0.5,3.4099999999999984
2025,6,2025-09-24,getafe,alaves,2025|2025-09-24|getafe|alaves,2025|2025-09-24|getafe|alaves,D,D,0.36273844287407436,0.3682223219722245,0.26903923515370115,0.3682223219722245,1.0889437205793113,0.005483879098150124,2.3,2.9,3.6,1.0573879726803266,0.4111855061047657,0.32611264277274515,0.26270185112248917,2.9,0.3682223219722245,0.06784473371945099,0.03570775458918473,1,1,1.9,5.309999999999999
2025,6,2025-09-24,sociedad,mallorca,2025|2025-09-24|sociedad|mallorca,2025|2025-09-24|sociedad|mallorca,H,H,0.5961605142807052,0.3062126867796933,0.09762679893960152,0.5961605142807052,0.8978952392398489,0.28994782750101183,1.8,3.4,4.75,1.0601995184038528,0.5240103828682673,0.2774172615184945,0.19857235561323813,1.8,0.5961605142807052,0.07308892570526931,0.09136115713158664,1,1,0.8,6.1099999999999985
2025,6,2025-09-25,osasuna,elche,2025|2025-09-25|osasuna|elche,2025|2025-09-25|osasuna|elche,D,H,0.4892664922820936,0.3311710330517557,0.1795624746661506,0.4892664922820936,1.024085436615347,0.1580954592303379,1.95,3.25,4.33,1.0514597027299106,0.4877224600135166,0.29263347600810996,0.2196440639783735,1.95,0.4892664922820936,-0.04593034004991747,0.0,1,0,-1.0,5.1099999999999985
2025,6,2025-09-25,real oviedo,barcelona,2025|2025-09-25|real oviedo|barcelona,2025|2025-09-25|realoviedo|barcelona,A,A,0.05494490592269627,0.10646735926500939,0.8385877348122942,0.8385877348122942,0.5455182043569391,0.7321203755472848,10.0,5.75,1.25,1.0739130434782609,0.0931174089068826,0.16194331983805668,0.7449392712550608,1.25,0.8385877348122942,0.04823466851536776,0.19293867406147103,1,1,0.25,5.3599999999999985
2025,7,2025-09-26,girona,espanol,2025|2025-09-26|girona|espanol,2025|2025-09-26|girona|espanol,D,D,0.32284874719347806,0.3514424866974047,0.32570876610911725,0.3514424866974047,1.097874530310131,0.025733720588287434,2.55,3.3,2.75,1.058823529411765,0.37037037037037035,0.2861952861952861,0.34343434343434337,3.3,0.3514424866974047,0.15976020610143538,0.06946095917453712,1,1,2.3,7.659999999999998
2025,7,2025-09-27,ath madrid,real madrid,2025|2025-09-27|ath madrid|real madrid,2025|2025-09-27|athmadrid|realmadrid,H,A,0.22772999136003416,0.3130233302128861,0.4592466784270798,0.4592466784270798,1.0578886090587445,0.1462233482141937,3.0,3.6,2.25,1.0555555555555556,0.3157894736842105,0.2631578947368421,0.42105263157894735,2.25,0.4592466784270798,0.03330502646092948,0.026644021168743582,1,0,-1.0,6.659999999999998
2025,7,2025-09-27,getafe,levante,2025|2025-09-27|getafe|levante,2025|2025-09-27|getafe|levante,D,H,0.5165653495700014,0.3017984499016304,0.1816362005283682,0.5165653495700014,1.0125981892260125,0.21476689966837104,2.05,3.1,4.1,1.0542879622344612,0.4626865671641791,0.3059701492537313,0.23134328358208955,2.05,0.5165653495700014,0.05895896661850286,0.05615139677952655,1,0,-1.0,5.659999999999998
2025,7,2025-09-27,mallorca,alaves,2025|2025-09-27|mallorca|alaves,2025|2025-09-27|mallorca|alaves,H,D,0.3685098512554391,0.4061532681003345,0.22533688064422644,0.4061532681003345,1.0696207451820332,0.03764341684489536,2.35,3.0,3.4,1.0529828952857738,0.4041204437400951,0.3165610142630745,0.2793185419968304,3.0,0.4061532681003345,0.21845980430100342,0.10922990215050171,1,0,-1.0,4.659999999999998
2025,7,2025-09-27,villarreal,ath bilbao,2025|2025-09-27|villarreal|ath bilbao,2025|2025-09-27|villarreal|athbilbao,H,H,0.4227952273583709,0.33996855764711725,0.237236214994512,0.4227952273583709,1.0720748894499754,0.08282666971125363,2.1,3.25,3.7,1.0541530541530542,0.45172802404207363,0.291885800150263,0.2563861758076634,2.1,0.4227952273583709,-0.11213002254742116,0.0,1,1,1.1,5.759999999999998
2025,7,2025-09-28,barcelona,sociedad,2025|2025-09-28|barcelona|sociedad,2025|2025-09-28|barcelona|sociedad,H,H,0.7568802498635826,0.13844475349666852,0.10467499663974894,0.7568802498635826,0.7208142285154944,0.6184354963669141,1.3,5.5,9.5,1.056312108943688,0.7282229965156793,0.17212543554006968,0.09965156794425085,1.3,0.7568802498635826,-0.016055675177342577,0.0,1,1,0.30000000000000004,6.059999999999999
2025,7,2025-09-28,betis,osasuna,2025|2025-09-28|betis|osasuna,2025|2025-09-28|betis|osasuna,H,H,0.5937180798288622,0.2712629423486927,0.13501897782244515,0.5937180798288622,0.9337969363628391,0.32245513748016946,1.75,3.8,4.5,1.0568086883876355,0.540711462450593,0.24901185770750991,0.21027667984189727,1.75,0.5937180798288622,0.03900663970050877,0.052008852934011696,1,1,0.75,6.809999999999999
2025,7,2025-09-28,elche,celta,2025|2025-09-28|elche|celta,2025|2025-09-28|elche|celta,H,A,0.2426301250896492,0.34474939630103457,0.41262047860931617,0.41262047860931617,1.076016308032493,0.0678710823082816,2.87,3.1,2.6,1.0556280855258038,0.3300708464720095,0.3055817191531185,0.364347434374872,2.6,0.41262047860931617,0.0728132443842221,0.04550827774013881,1,0,-1.0,5.809999999999999
2025,7,2025-09-28,vallecano,sevilla,2025|2025-09-28|vallecano|sevilla,2025|2025-09-28|vallecano|sevilla,A,H,0.5177203616524823,0.3079782447880139,0.17430139355950386,0.5177203616524823,1.0080388973758598,0.20974211686446836,2.0,3.3,4.0,1.053030303030303,0.47482014388489213,0.2877697841726619,0.23741007194244607,2.0,0.5177203616524823,0.035440723304964505,0.035440723304964505,1,0,-1.0,4.809999999999999
2025,7,2025-09-30,valencia,real oviedo,2025|2025-09-30|valencia|real oviedo,2025|2025-09-30|valencia|realoviedo,A,H,0.6517853285726493,0.2656922064969503,0.08252246493040048,0.6517853285726493,0.8370106418183705,0.38609312207569896,1.7,3.5,5.5,1.0557677616501147,0.557163531114327,0.27062228654124454,0.17221418234442837,1.7,0.6517853285726493,0.1080350585735037,0.15433579796214816,1,0,-1.0,3.8099999999999987
2025,8,2025-10-03,osasuna,getafe,2025|2025-10-03|osasuna|getafe,2025|2025-10-03|osasuna|getafe,H,H,0.46605970337968033,0.3417901700052708,0.1921501266150489,0.46605970337968033,1.0396884627651422,0.12426953337440955,2.2,2.9,3.8,1.0625309354891932,0.4277950310559006,0.32453416149068326,0.24767080745341613,2.2,0.46605970337968033,0.025331347435296747,0.02110945619608062,1,1,1.2000000000000002,5.009999999999999
2025,8,2025-10-04,ath bilbao,mallorca,2025|2025-10-04|ath bilbao|mallorca,2025|2025-10-04|athbilbao|mallorca,H,H,0.6962287245627009,0.19981162090256888,0.10395965453473019,0.6962287245627009,0.8092000445356328,0.49641710366013203,1.5,4.0,7.0,1.0595238095238095,0.6292134831460674,0.23595505617977527,0.1348314606741573,1.5,0.6962287245627009,0.04434308684405136,0.08868617368810272,1,1,0.5,5.509999999999999
2025,8,2025-10-04,girona,valencia,2025|2025-10-04|girona|valencia,2025|2025-10-04|girona|valencia,H,H,0.4583861012513196,0.3039574025042113,0.23765649624446902,0.4583861012513196,1.061029622137747,0.1544286987471083,2.35,3.5,2.87,1.0596782563570317,0.4015670910871694,0.26962361830138515,0.3288092906114453,2.35,0.4583861012513196,0.0772073379406012,0.05719062069674162,1,1,1.35,6.8599999999999985
2025,8,2025-10-04,real madrid,villarreal,2025|2025-10-04|real madrid|villarreal,2025|2025-10-04|realmadrid|villarreal,H,H,0.775811493596412,0.13707682643217084,0.08711167997141721,0.775811493596412,0.6819390273621218,0.6387346671642411,1.4,5.5,6.0,1.0627705627705628,0.6720977596741344,0.1710794297352342,0.15682281059063136,1.4,0.775811493596412,0.08613609103497671,0.21534022758744184,1,1,0.3999999999999999,7.259999999999999
2025,8,2025-10-04,real oviedo,levante,2025|2025-10-04|real oviedo|levante,2025|2025-10-04|realoviedo|levante,A,D,0.3202720625263617,0.39013154361207414,0.2895963938615642,0.39013154361207414,1.090763691884029,0.06985948108571244,2.4,3.5,2.8,1.0595238095238095,0.39325842696629215,0.2696629213483146,0.33707865168539325,3.5,0.39013154361207414,0.36546040264225954,0.14618416105690382,1,0,-1.0,6.259999999999999
2025,8,2025-10-05,alaves,elche,2025|2025-10-05|alaves|elche,2025|2025-10-05|alaves|elche,H,H,0.45892298046697805,0.3155467993174858,0.2255302202155361,0.45892298046697805,1.057291983682736,0.14337618114949224,2.35,3.1,3.25,1.0558048677472152,0.403040304030403,0.30553055305530546,0.2914291429142914,2.35,0.45892298046697805,0.07846900409739854,0.058125188220295214,1,1,1.35,7.6099999999999985
2025,8,2025-10-05,celta,ath madrid,2025|2025-10-05|celta|ath madrid,2025|2025-10-05|celta|athmadrid,D,A,0.2447763790530768,0.3249849999585098,0.4302386209884134,0.4302386209884134,1.0726460325458513,0.1052536210299036,4.1,4.0,1.75,1.0653310104529616,0.22894521668029438,0.23466884709730174,0.5363859362224039,1.75,0.4302386209884134,-0.24708241327027647,0.0,1,0,-1.0,6.6099999999999985
2025,8,2025-10-05,espanol,betis,2025|2025-10-05|espanol|betis,2025|2025-10-05|espanol|betis,A,A,0.3394905495336549,0.2917890371631833,0.36872041330316185,0.36872041330316185,1.0940368563005385,0.02922986376950698,2.55,3.3,2.7,1.0655575361457714,0.36802973977695175,0.2843866171003718,0.3475836431226766,2.7,0.36872041330316185,-0.004454884081462884,0.0,1,1,1.7000000000000002,8.309999999999999
2025,8,2025-10-05,sevilla,barcelona,2025|2025-10-05|sevilla|barcelona,2025|2025-10-05|sevilla|barcelona,H,A,0.1138015590760924,0.15007583832108443,0.7361226026028231,0.7361226026028231,0.7574783216059287,0.5860467642817387,5.5,5.25,1.45,1.0619495447081655,0.17121169524880517,0.17936463311779588,0.6494236716333989,1.45,0.7361226026028231,0.06737777377409354,0.14972838616465234,1,0,-1.0,7.309999999999999
2025,8,2025-10-05,sociedad,vallecano,2025|2025-10-05|sociedad|vallecano,2025|2025-10-05|sociedad|vallecano,A,H,0.5395066108445569,0.29825162152656737,0.1622417676288757,0.5395066108445569,0.9888236308692837,0.2412549893179895,2.0,3.6,3.5,1.0634920634920635,0.4701492537313433,0.2611940298507463,0.26865671641791045,2.0,0.5395066108445569,0.07901322168911373,0.07901322168911373,1,0,-1.0,6.309999999999999
2025,9,2025-10-17,real oviedo,espanol,2025|2025-10-17|real oviedo|espanol,2025|2025-10-17|realoviedo|espanol,A,A,0.25350450738096686,0.31665580984827396,0.42983968277075923,0.42983968277075923,1.074970167460807,0.11318387292248527,3.0,3.25,2.4,1.0576923076923077,0.3151515151515151,0.2909090909090909,0.393939393939394,2.4,0.42983968277075923,0.031615238649822075,0.022582313321301485,1,1,1.4,7.709999999999999
2025,9,2025-10-18,ath madrid,osasuna,2025|2025-10-18|ath madrid|osasuna,2025|2025-10-18|athmadrid|osasuna,H,H,0.748714709230807,0.1354360130900069,0.11584927767918612,0.748714709230807,0.7371563406921189,0.6132786961408001,1.4,4.33,8.0,1.0702325965028043,0.6674116604369774,0.21579129898655158,0.11679704057647104,1.4,0.748714709230807,0.04820059292312967,0.1205014823078242,1,1,0.3999999999999999,8.11
2025,9,2025-10-18,barcelona,girona,2025|2025-10-18|barcelona|girona,2025|2025-10-18|barcelona|girona,H,H,0.8492143177896625,0.11248768680973595,0.038297995400601526,0.8492143177896625,0.5095161240002171,0.7367266309799265,1.2,7.0,15.0,1.042857142857143,0.7990867579908676,0.136986301369863,0.0639269406392694,1.2,0.8492143177896625,0.01905718134759496,0.09528590673797482,1,1,0.19999999999999996,8.309999999999999
2025,9,2025-10-18,sevilla,mallorca,2025|2025-10-18|sevilla|mallorca,2025|2025-10-18|sevilla|mallorca,A,H,0.4353342242271696,0.3155258264291777,0.24913994934365255,0.4353342242271696,1.0722454502152996,0.1198083977979919,1.85,3.3,4.65,1.0586246070117038,0.5106064387322186,0.2862490641377589,0.20314449713002244,1.85,0.4353342242271696,-0.19463168517973617,0.0,1,0,-1.0,7.309999999999999
2025,9,2025-10-18,villarreal,betis,2025|2025-10-18|villarreal|betis,2025|2025-10-18|villarreal|betis,D,H,0.5096189612724407,0.24329131670407023,0.24708972202348903,0.5096189612724407,1.0328536436690035,0.26252923924895166,1.9,3.6,4.2,1.0421888053467,0.5050100200400801,0.2665330661322645,0.2284569138276553,1.9,0.5096189612724407,-0.031723973582362786,0.0,1,0,-1.0,6.309999999999999
2025,9,2025-10-19,celta,sociedad,2025|2025-10-19|celta|sociedad,2025|2025-10-19|celta|sociedad,D,H,0.48756019827314917,0.3005804976338549,0.211859304092996,0.48756019827314917,1.040314651031309,0.18697970063929426,2.15,3.4,3.4,1.0533515731874146,0.44155844155844154,0.2792207792207792,0.2792207792207792,2.15,0.48756019827314917,0.048254426287270724,0.04196037068458324,1,0,-1.0,5.309999999999999
2025,9,2025-10-19,elche,ath bilbao,2025|2025-10-19|elche|ath bilbao,2025|2025-10-19|elche|athbilbao,D,A,0.1949995444875137,0.27524186585939614,0.5297585896530901,0.5297585896530901,1.0104415725774254,0.25451672379369394,3.4,3.1,2.3,1.0514809009157662,0.27971753628874063,0.3067869752844252,0.41349548842683403,2.3,0.5297585896530901,0.21844475620210713,0.16803442784777473,1,0,-1.0,4.309999999999999
2025,9,2025-10-19,getafe,real madrid,2025|2025-10-19|getafe|real madrid,2025|2025-10-19|getafe|realmadrid,A,A,0.09874144265376551,0.1856858337445314,0.7155727236017031,0.7155727236017031,0.7807324356897958,0.5298868898571717,8.5,4.5,1.4,1.054154995331466,0.11160318866253321,0.21080602302922938,0.6775907883082374,1.4,0.7155727236017031,0.0018018130423842482,0.004504532605960621,1,1,0.3999999999999999,4.709999999999999
2025,9,2025-10-19,levante,vallecano,2025|2025-10-19|levante|vallecano,2025|2025-10-19|levante|vallecano,A,A,0.2461926180425913,0.29507961256636883,0.4587277693910399,0.4587277693910399,1.0627071119112512,0.16364815682467104,2.87,3.1,2.6,1.0556280855258038,0.3300708464720095,0.3055817191531185,0.364347434374872,2.6,0.4587277693910399,0.19269220041670376,0.12043262526043985,1,1,1.6,6.309999999999999
2025,9,2025-10-20,alaves,valencia,2025|2025-10-20|alaves|valencia,2025|2025-10-20|alaves|valencia,D,D,0.363494229511759,0.40039066044298466,0.23611511004525626,0.40039066044298466,1.075153612286302,0.03689643093122563,2.35,3.0,3.3,1.0618955512572534,0.4007285974499089,0.31390406800242865,0.2853673345476624,3.0,0.40039066044298466,0.20117198132895397,0.10058599066447699,1,1,2.0,8.309999999999999
2025,10,2025-10-24,sociedad,sevilla,2025|2025-10-24|sociedad|sevilla,2025|2025-10-24|sociedad|sevilla,H,H,0.5326369030175693,0.2982947156821746,0.16906838130025617,0.5326369030175693,0.9968662351237074,0.2343421873353947,2.05,3.3,3.7,1.0611054513493539,0.45971385542168675,0.2855798192771084,0.25470632530120474,2.05,0.5326369030175693,0.0919056511860169,0.0875291916057304,1,1,1.0499999999999998,9.36
2025,10,2025-10-25,ath bilbao,getafe,2025|2025-10-25|ath bilbao|getafe,2025|2025-10-25|athbilbao|getafe,A,H,0.6362988609327951,0.2675876392141163,0.09611349985308856,0.6362988609327951,0.86554484513177,0.36871122171867876,1.65,3.4,6.25,1.0601782531194295,0.571659156634609,0.2774228260138544,0.15091801735153676,1.65,0.6362988609327951,0.049893120539111824,0.07675864698324897,1,0,-1.0,8.36
2025,10,2025-10-25,espanol,elche,2025|2025-10-25|espanol|elche,2025|2025-10-25|espanol|elche,H,H,0.5139959561285053,0.27378580842142924,0.21221823545006532,0.5139959561285053,1.0257174636140762,0.2402101477070761,2.05,3.25,3.9,1.0519074421513446,0.46373365041617126,0.2925089179548157,0.24375743162901312,2.05,0.5139959561285053,0.05369171006343587,0.05113496196517703,1,1,1.0499999999999998,9.409999999999998
2025,10,2025-10-25,girona,real oviedo,2025|2025-10-25|girona|real oviedo,2025|2025-10-25|girona|realoviedo,D,H,0.6184537559346965,0.2525038969715218,0.12904234709378173,0.6184537559346965,0.9089446863288868,0.3659498589631747,1.8,3.5,4.5,1.0634920634920635,0.5223880597014926,0.26865671641791045,0.208955223880597,1.8,0.6184537559346965,0.11321676068245379,0.14152095085306723,1,0,-1.0,8.409999999999998
2025,10,2025-10-25,valencia,villarreal,2025|2025-10-25|valencia|villarreal,2025|2025-10-25|valencia|villarreal,A,A,0.28070549348100154,0.2756010412909384,0.4436934652280602,0.4436934652280602,1.072371745802676,0.16298797174705865,3.0,3.5,2.25,1.0634920634920635,0.3134328358208955,0.26865671641791045,0.417910447761194,2.25,0.4436934652280602,-0.0016897032368645704,0.0,1,1,1.25,9.659999999999998
2025,10,2025-10-26,mallorca,levante,2025|2025-10-26|mallorca|levante,2025|2025-10-26|mallorca|levante,D,D,0.31112277070355143,0.3898352936854191,0.29904193561102965,0.3898352936854191,1.0914886966809119,0.07871252298186765,2.1,3.25,3.6,1.0616605616605617,0.4485336400230017,0.2898217366302473,0.26164462334675104,3.25,0.3898352936854191,0.266964704477612,0.11865097976782756,1,1,2.25,11.909999999999998
2025,10,2025-10-26,osasuna,celta,2025|2025-10-26|osasuna|celta,2025|2025-10-26|osasuna|celta,A,A,0.32437631836645386,0.3318755652800248,0.34374811635352126,0.34374811635352126,1.0983266285349447,0.01187255107349644,2.4,3.2,3.1,1.051747311827957,0.39616613418530355,0.2971246006389776,0.30670926517571884,3.1,0.34374811635352126,0.06561916069591589,0.031247219379007565,1,1,2.1,14.009999999999998
2025,10,2025-10-26,real madrid,barcelona,2025|2025-10-26|real madrid|barcelona,2025|2025-10-26|realmadrid|barcelona,H,H,0.4929045835201525,0.25930097562229787,0.24779444085754979,0.4929045835201525,1.0444076865520548,0.23360360789785461,2.0,3.8,3.4,1.0572755417956656,0.47291361639824303,0.24890190336749632,0.2781844802342606,2.0,0.4929045835201525,-0.014190832959695088,0.0,1,1,1.0,15.009999999999998
2025,10,2025-10-26,vallecano,alaves,2025|2025-10-26|vallecano|alaves,2025|2025-10-26|vallecano|alaves,H,H,0.5034362504782776,0.29276084441204386,0.20380290510967872,0.5034362504782776,1.0293038720989798,0.2106754060662337,2.0,3.3,3.9,1.0594405594405594,0.471947194719472,0.28602860286028603,0.24202420242024206,2.0,0.5034362504782776,0.0068725009565551165,0.0068725009565551165,1,1,1.0,16.009999999999998
2025,10,2025-10-27,betis,ath madrid,2025|2025-10-27|betis|ath madrid,2025|2025-10-27|betis|athmadrid,A,D,0.31425639753835755,0.4323455900425031,0.2533980124191393,0.4323455900425031,1.0741642554807407,0.11808919250414557,3.25,3.4,2.2,1.056355409296586,0.29127725856697817,0.27842679127725856,0.43029595015576316,3.4,0.4323455900425031,0.4699750061445105,0.1958229192268794,1,0,-1.0,15.009999999999998
2025,11,2025-10-31,getafe,girona,2025|2025-10-31|getafe|girona,2025|2025-10-31|getafe|girona,H,D,0.31530622654755575,0.45868538120434116,0.2260083922481032,0.45868538120434116,1.0575409181532804,0.1433791546567854,2.15,3.1,3.7,1.057967194501328,0.43963204292832503,0.3049060942889996,0.2554618627826753,3.1,0.45868538120434116,0.42192468173345765,0.2009165151111703,1,0,-1.0,14.009999999999998
2025,11,2025-11-01,ath madrid,sevilla,2025|2025-11-01|ath madrid|sevilla,2025|2025-11-01|athmadrid|sevilla,H,H,0.7797998135735384,0.11310416469164879,0.10709602173481275,0.7797998135735384,0.6797103762954667,0.6666956488818897,1.36,5.0,8.5,1.0529411764705883,0.6983240223463686,0.18994413407821228,0.11173184357541899,1.36,0.7797998135735384,0.060527746460012355,0.16813262905558982,1,1,0.3600000000000001,14.37
2025,11,2025-11-01,real madrid,valencia,2025|2025-11-01|real madrid|valencia,2025|2025-11-01|realmadrid|valencia,H,H,0.8482030868794103,0.08661426806718846,0.0651826450534013,0.8482030868794103,0.5295130054999778,0.7615888188122218,1.2,7.5,10.0,1.0666666666666667,0.78125,0.125,0.09375,1.2,0.8482030868794103,0.017843704255292275,0.08921852127646139,1,1,0.19999999999999996,14.569999999999999
2025,11,2025-11-01,sociedad,ath bilbao,2025|2025-11-01|sociedad|ath bilbao,2025|2025-11-01|sociedad|athbilbao,H,A,0.3239145469893652,0.3100067733135015,0.36607867969713326,0.36607867969713326,1.0960838567533548,0.04216413270776803,2.7,3.0,2.75,1.0673400673400675,0.34700315457413244,0.3123028391167192,0.34069400630914826,2.75,0.36607867969713326,0.006716369167116487,0.0038379252383522783,1,0,-1.0,13.569999999999999
2025,11,2025-11-01,villarreal,vallecano,2025|2025-11-01|villarreal|vallecano,2025|2025-11-01|villarreal|vallecano,H,H,0.5672335920869399,0.2165578539443973,0.21620855396866281,0.5672335920869399,0.9840496994664742,0.3506757381425426,1.72,3.75,4.75,1.0585883312933497,0.5492176057966546,0.2519078085253989,0.19887458567794647,1.72,0.5672335920869399,-0.02435822161046336,0.0,1,1,0.72,14.29
2025,11,2025-11-02,alaves,espanol,2025|2025-11-02|alaves|espanol,2025|2025-11-02|alaves|espanol,H,H,0.4119023766375489,0.33831726876596374,0.24978035459648731,0.4119023766375489,1.0784917454406573,0.07358510787158518,2.3,3.1,3.25,1.0650555615492503,0.40822528363047,0.3028768233387358,0.28889789303079416,2.3,0.4119023766375489,-0.05262453373363751,0.0,1,1,1.2999999999999998,15.589999999999998
2025,11,2025-11-02,barcelona,elche,2025|2025-11-02|barcelona|elche,2025|2025-11-02|barcelona|elche,H,H,0.8050242102083912,0.12319359223916519,0.07178219755244368,0.8050242102083912,0.6216460071016663,0.6818306179692261,1.22,6.5,12.0,1.0568516183270282,0.7755791985681615,0.14557024957740877,0.07885055185442974,1.22,0.8050242102083912,-0.017870463545762744,0.0,1,1,0.21999999999999997,15.809999999999999
2025,11,2025-11-02,betis,mallorca,2025|2025-11-02|betis|mallorca,2025|2025-11-02|betis|mallorca,H,H,0.6430434036144224,0.23201724728881332,0.12493934909676434,0.6430434036144224,0.8827601631698332,0.411026156325609,1.57,4.0,5.5,1.0687608569774174,0.5959637003927942,0.23391575240417176,0.17012054720303402,1.57,0.6430434036144224,0.009578143674643158,0.016803760832707293,1,1,0.5700000000000001,16.38
2025,11,2025-11-02,levante,celta,2025|2025-11-02|levante|celta,2025|2025-11-02|levante|celta,A,A,0.3175180382608416,0.26656356178399604,0.41591839995516233,0.41591839995516233,1.081569430211473,0.09840036169432076,2.7,3.6,2.37,1.0700890764181903,0.34611171960569553,0.25958378970427165,0.3943044906900328,2.37,0.41591839995516233,-0.014273392106265215,0.0,1,1,1.37,17.75
2025,11,2025-11-03,real oviedo,osasuna,2025|2025-11-03|real oviedo|osasuna,2025|2025-11-03|realoviedo|osasuna,D,A,0.28177234703786325,0.35488724978689423,0.3633404031752425,0.3633404031752425,1.0924071774454807,0.008453153388348289,3.0,3.0,2.55,1.0588235294117647,0.31481481481481477,0.31481481481481477,0.3703703703703704,2.55,0.3633404031752425,-0.07348197190313166,0.0,1,0,-1.0,16.75
2025,12,2025-11-07,elche,sociedad,2025|2025-11-07|elche|sociedad,2025|2025-11-07|elche|sociedad,D,D,0.34379766891574803,0.3621864951237272,0.29401583596052483,0.3621864951237272,1.094819760093483,0.01838882620797916,2.7,3.25,2.6,1.0626780626780628,0.34852546916890076,0.28954423592493295,0.3619302949061662,3.25,0.3621864951237272,0.17710610915211344,0.0787138262898282,1,1,2.25,19.0
2025,12,2025-11-08,ath madrid,levante,2025|2025-11-08|ath madrid|levante,2025|2025-11-08|athmadrid|levante,H,H,0.856626480824954,0.08990754612810431,0.05346597304694179,0.856626480824954,0.5057369840212549,0.7667189346968497,1.22,5.5,13.0,1.0784133898887998,0.7600722865950887,0.1685978526629106,0.07132986074200064,1.22,0.856626480824954,0.0450843066064438,0.2049286663929264,1,1,0.21999999999999997,19.22
2025,12,2025-11-08,espanol,villarreal,2025|2025-11-08|espanol|villarreal,2025|2025-11-08|espanol|villarreal,A,H,0.3885391509092833,0.35676259075351274,0.254698258337204,0.3885391509092833,1.0833642745750727,0.03177656015577057,2.8,3.4,2.45,1.059423769507803,0.3371104815864023,0.2776203966005666,0.38526912181303113,2.8,0.3885391509092833,0.0879096225459931,0.0488386791922184,1,0,-1.0,18.22
2025,12,2025-11-08,girona,alaves,2025|2025-11-08|girona|alaves,2025|2025-11-08|girona|alaves,H,H,0.4145763152502713,0.2263746323713304,0.35904905237839824,0.4145763152502713,1.0691003065866167,0.05552726287187304,2.4,3.3,2.9,1.0645245559038663,0.3914110429447853,0.2846625766871166,0.3239263803680982,2.4,0.4145763152502713,-0.005016843399348936,0.0,1,1,1.4,19.619999999999997
2025,12,2025-11-08,sevilla,osasuna,2025|2025-11-08|sevilla|osasuna,2025|2025-11-08|sevilla|osasuna,H,H,0.4635705880661518,0.3021674335721363,0.23426197836171186,0.4635705880661518,1.0580056011610264,0.1614031544940155,2.1,3.4,3.4,1.0644257703081232,0.4473684210526316,0.27631578947368424,0.27631578947368424,2.1,0.4635705880661518,-0.02650176506108115,0.0,1,1,1.1,20.72
2025,12,2025-11-09,ath bilbao,real oviedo,2025|2025-11-09|ath bilbao|real oviedo,2025|2025-11-09|athbilbao|realoviedo,H,H,0.7256483449356406,0.21489252614948454,0.059459128914874815,0.7256483449356406,0.7309518222468946,0.5107558187861561,1.48,3.8,8.0,1.0638335704125177,0.6351328764833696,0.2473675413672071,0.11749958214942338,1.48,0.7256483449356406,0.073959550504748,0.1540823968848917,1,1,0.48,21.2
2025,12,2025-11-09,celta,barcelona,2025|2025-11-09|celta|barcelona,2025|2025-11-09|celta|barcelona,A,A,0.11053946999951392,0.17289658995081678,0.7165639400496693,0.7165639400496693,0.7857163921918151,0.5436673500988525,5.25,3.9,1.65,1.052947052947053,0.18089816571790004,0.24351676154332702,0.5755850727387729,1.65,0.7165639400496693,0.18233050108195425,0.2805084632030066,1,1,0.6499999999999999,21.849999999999998
2025,12,2025-11-09,mallorca,getafe,2025|2025-11-09|mallorca|getafe,2025|2025-11-09|mallorca|getafe,H,H,0.42259510955104085,0.3520678206929944,0.2253370697559647,0.42259510955104085,1.0673208742777995,0.07052728885804643,2.5,2.9,3.2,1.0573275862068967,0.3783122706889523,0.32613126783530366,0.29555646147574394,2.5,0.42259510955104085,0.056487773877602065,0.03765851591840138,1,1,1.5,23.349999999999998
2025,12,2025-11-09,valencia,betis,2025|2025-11-09|valencia|betis,2025|2025-11-09|valencia|betis,D,A,0.2997981324091531,0.30597543083335577,0.3942264367574911,0.3942264367574911,1.0904598701712604,0.08825100592413532,3.1,3.3,2.3,1.0603935568872456,0.30420841683366734,0.28577154308617236,0.41002004008016035,2.3,0.3942264367574911,-0.09327919545777064,0.0,1,0,-1.0,22.349999999999998
2025,12,2025-11-09,vallecano,real madrid,2025|2025-11-09|vallecano|real madrid,2025|2025-11-09|vallecano|realmadrid,D,A,0.11845008265364665,0.19548665785701785,0.6860632594893356,0.6860632594893356,0.8302695707505745,0.4905766016323177,6.0,4.33,1.5,1.0642802155504234,0.1566003616636528,0.21699819168173598,0.6264014466546112,1.5,0.6860632594893356,0.02909488923400333,0.05818977846800666,1,0,-1.0,21.349999999999998
2025,13,2025-11-21,valencia,levante,2025|2025-11-21|valencia|levante,2025|2025-11-21|valencia|levante,H,H,0.4391874163378784,0.33346545868327127,0.22734712497885032,0.4391874163378784,1.064357382471477,0.10572195765460712,2.1,3.4,3.4,1.0644257703081232,0.4473684210526316,0.27631578947368424,0.27631578947368424,2.1,0.4391874163378784,-0.07770642569045533,0.0,1,1,1.1,22.45
2025,13,2025-11-22,alaves,celta,2025|2025-11-22|alaves|celta,2025|2025-11-22|alaves|celta,A,H,0.40198307813284756,0.3532264509516749,0.24479047091547756,0.40198307813284756,1.0784355685665163,0.048756627181172685,2.45,3.1,3.0,1.064077243800746,0.3835842441740565,0.303155289750464,0.3132604660754795,2.45,0.40198307813284756,-0.015141458574523425,0.0,1,0,-1.0,21.45
2025,13,2025-11-22,barcelona,ath bilbao,2025|2025-11-22|barcelona|ath bilbao,2025|2025-11-22|barcelona|athbilbao,H,H,0.643817279374881,0.20656141499317004,0.149621305631949,0.643817279374881,0.8935063775629014,0.43725586438171093,1.44,4.5,6.5,1.0705128205128205,0.6487025948103793,0.20758483033932135,0.14371257485029942,1.44,0.643817279374881,-0.07290311770017144,0.0,1,1,0.43999999999999995,21.889999999999997
2025,13,2025-11-22,osasuna,sociedad,2025|2025-11-22|osasuna|sociedad,2025|2025-11-22|osasuna|sociedad,A,D,0.2912483638418095,0.41202551065213305,0.2967261255060574,0.41202551065213305,1.0851146294318055,0.11529938514607563,2.75,3.0,2.75,1.0606060606060606,0.34285714285714286,0.3142857142857143,0.34285714285714286,3.0,0.41202551065213305,0.23607653195639922,0.11803826597819961,1,0,-1.0,20.889999999999997
2025,13,2025-11-22,villarreal,mallorca,2025|2025-11-22|villarreal|mallorca,2025|2025-11-22|villarreal|mallorca,H,H,0.7299694156570411,0.15581091401136504,0.11421967033159389,0.7299694156570411,0.7672443806866003,0.5741585016456761,1.42,4.33,7.5,1.0685055676630995,0.6590750422132745,0.2161400831276789,0.12478487465904663,1.42,0.7299694156570411,0.0365565702329983,0.08703945293571025,1,1,0.41999999999999993,21.31
2025,13,2025-11-23,betis,girona,2025|2025-11-23|betis|girona,2025|2025-11-23|betis|girona,D,H,0.6539760009827403,0.2390638918542101,0.10696010716304961,0.6539760009827403,0.858927679706011,0.41491210912853027,1.53,4.33,5.5,1.066359835277102,0.6129214075959531,0.21657500083644532,0.1705035915676015,1.53,0.6539760009827403,0.0005832815035927141,0.0011005311388541776,1,0,-1.0,20.31
2025,13,2025-11-23,elche,real madrid,2025|2025-11-23|elche|real madrid,2025|2025-11-23|elche|realmadrid,D,A,0.09297224966929968,0.16068885597239535,0.7463388943583049,0.7463388943583049,0.7329968802179123,0.5856500383859096,7.5,5.0,1.36,1.0686274509803921,0.12477064220183487,0.1871559633027523,0.6880733944954128,1.36,0.7463388943583049,0.015020896327294753,0.04172471202026319,1,0,-1.0,19.31
2025,13,2025-11-23,getafe,ath madrid,2025|2025-11-23|getafe|ath madrid,2025|2025-11-23|getafe|athmadrid,A,A,0.145612506179965,0.38956653865047797,0.46482095516955696,0.46482095516955696,1.0039202110670773,0.07525441651907899,5.5,3.2,1.8,1.0498737373737375,0.17318099819603125,0.2976548406494287,0.52916416115454,1.8,0.46482095516955696,-0.16332228069479737,0.0,1,1,0.8,20.11
2025,13,2025-11-23,real oviedo,vallecano,2025|2025-11-23|real oviedo|vallecano,2025|2025-11-23|realoviedo|vallecano,D,A,0.24621341442840675,0.3069637727831934,0.44682281278839986,0.44682281278839986,1.06757148694845,0.13985904000520644,3.25,3.25,2.2,1.06993006993007,0.2875816993464052,0.2875816993464052,0.4248366013071895,2.2,0.44682281278839986,-0.016989811865520177,0.0,1,0,-1.0,19.11
2025,13,2025-11-24,espanol,sevilla,2025|2025-11-24|espanol|sevilla,2025|2025-11-24|espanol|sevilla,H,H,0.5290023163179233,0.2891201145877016,0.1818775690943751,0.5290023163179233,1.0056177876085017,0.23988220173022168,2.1,3.3,3.6,1.0569985569985572,0.4505119453924914,0.28668941979522183,0.26279863481228666,2.1,0.5290023163179233,0.1109048642676389,0.10082260387967172,1,1,1.1,20.209999999999997
2025,14,2025-11-28,getafe,elche,2025|2025-11-28|getafe|elche,2025|2025-11-28|getafe|elche,H,H,0.43486348009051695,0.3651607776987287,0.1999757422107544,0.43486348009051695,1.0518630490273135,0.06970270239178827,2.25,2.87,3.8,1.0560343949304154,0.420861713006734,0.32994385166033147,0.24919443533293456,2.25,0.43486348009051695,-0.021557169796336928,0.0,1,1,1.25,21.459999999999997
2025,14,2025-11-29,ath madrid,real oviedo,2025|2025-11-29|ath madrid|real oviedo,2025|2025-11-29|athmadrid|realoviedo,H,H,0.8771009698818755,0.08507117652667234,0.037827853591452215,0.8771009698818755,0.4485303514767326,0.7920297933552032,1.2,6.25,17.0,1.0521568627450981,0.7920238538948937,0.1520685799478196,0.05590756615728661,1.2,0.8771009698818755,0.052521163858250536,0.26260581929125276,1,1,0.19999999999999996,21.659999999999997
2025,14,2025-11-29,barcelona,alaves,2025|2025-11-29|barcelona|alaves,2025|2025-11-29|barcelona|alaves,H,H,0.8275696650712537,0.10304666491186365,0.06938367001688261,0.8275696650712537,0.5759314125276499,0.7245230001593901,1.2,7.0,13.0,1.0531135531135531,0.7913043478260869,0.13565217391304346,0.07304347826086957,1.2,0.8275696650712537,-0.006916401914495551,0.0,1,1,0.19999999999999996,21.86
2025,14,2025-11-29,levante,ath bilbao,2025|2025-11-29|levante|ath bilbao,2025|2025-11-29|levante|athbilbao,A,A,0.23836813859452502,0.30134973070541937,0.4602821307000556,0.4602821307000556,1.0604095966713714,0.1589323999946362,3.4,3.3,2.2,1.0516934046345812,0.2796610169491525,0.288135593220339,0.43220338983050843,2.2,0.4602821307000556,0.012620687540122355,0.010517239616768627,1,1,1.2000000000000002,23.06
2025,14,2025-11-29,mallorca,osasuna,2025|2025-11-29|mallorca|osasuna,2025|2025-11-29|mallorca|osasuna,D,H,0.39011751365040787,0.3226786715546212,0.28720381479497087,0.39011751365040787,1.090506638607811,0.06743884209578666,2.35,3.0,3.4,1.0529828952857738,0.4041204437400951,0.3165610142630745,0.2793185419968304,2.35,0.39011751365040787,-0.0832238429215415,0.0,1,0,-1.0,22.06
2025,14,2025-11-30,celta,espanol,2025|2025-11-30|celta|espanol,2025|2025-11-30|celta|espanol,A,H,0.4705460533928789,0.22673863676824274,0.30271530983887834,0.4705460533928789,1.052930422460682,0.16783074355400057,2.05,3.6,3.4,1.059700302885382,0.4603234298608499,0.26212861978187285,0.27754795035727714,2.05,0.4705460533928789,-0.0353805905445983,0.0,1,0,-1.0,21.06
2025,14,2025-11-30,girona,real madrid,2025|2025-11-30|girona|real madrid,2025|2025-11-30|girona|realmadrid,D,A,0.07384874343728277,0.13714121567810064,0.7890100408846165,0.7890100408846165,0.6518714798436254,0.6518688252065158,6.5,5.0,1.42,1.05807150595883,0.1454024165472046,0.18902314151136598,0.6655744419414295,1.42,0.7890100408846165,0.12039425805615533,0.28665299537179845,1,0,-1.0,20.06
2025,14,2025-11-30,sevilla,betis,2025|2025-11-30|sevilla|betis,2025|2025-11-30|sevilla|betis,A,A,0.20354469336468806,0.2949876752890821,0.5014676313462297,0.5014676313462297,1.0302650723329965,0.20647995605714764,3.1,3.3,2.35,1.0511428630852104,0.3068856351404828,0.2882865057380293,0.4048278591214879,2.35,0.5014676313462297,0.1784489336636399,0.13218439530639992,1,1,1.35,21.409999999999997
2025,14,2025-11-30,sociedad,villarreal,2025|2025-11-30|sociedad|villarreal,2025|2025-11-30|sociedad|villarreal,A,H,0.34349192459225353,0.3145867825022255,0.34192129290552087,0.34349192459225353,1.0978120310083541,0.0015706316867326597,2.9,3.4,2.35,1.0644771481593371,0.323940806811271,0.2763024528684371,0.3997567403202919,2.9,0.34349192459225353,-0.0038734186824648242,0.0,1,0,-1.0,20.409999999999997
2025,14,2025-12-01,vallecano,valencia,2025|2025-12-01|vallecano|valencia,2025|2025-12-01|vallecano|valencia,D,H,0.5650079725668066,0.2684059203965446,0.16658610703664878,0.5650079725668066,0.9741567280095949,0.296602052170262,1.95,3.4,4.1,1.0508405989037266,0.4880098022054963,0.27988797479432875,0.23210222300017505,1.95,0.5650079725668066,0.10176554650527281,0.10712162790028718,1,0,-1.0,19.409999999999997
2025,15,2025-12-06,ath bilbao,ath madrid,2025|2025-12-06|ath bilbao|ath madrid,2025|2025-12-06|athbilbao|athmadrid,0,H,0.3719363895169286,0.32053581045850166,0.30752780002456975,0.3719363895169286,1.0951840274138984,0.05140057905842693,2.8,3.2,2.55,1.0617997198879552,0.33635614179719703,0.2943116240725474,0.3693322341302556,2.8,0.3719363895169286,0.041421890647399984,0.02301216147077777,0,0,,19.409999999999997
2025,15,2025-12-07,alaves,sociedad,2025|2025-12-07|alaves|sociedad,2025|2025-12-07|alaves|sociedad,0,D,0.30960232702916235,0.3594362775873415,0.3291346039908804,0.3594362775873415,1.096543690648399,0.030301673596461076,2.8,2.9,2.8,1.059113300492611,0.33720930232558133,0.3255813953488372,0.33720930232558133,2.9,0.3594362775873415,0.04236520500329022,0.02229747631752117,0,0,,19.409999999999997
2025,15,2025-12-07,betis,barcelona,2025|2025-12-07|betis|barcelona,2025|2025-12-07|betis|barcelona,0,A,0.2116036427277679,0.2619720598725194,0.5231945631519214,0.5231945631519214,1.018471553365176,0.26122250327940194,3.75,4.0,1.85,1.057207207207207,0.2522368981678739,0.23647209203238181,0.5112910097997444,1.85,0.5231945631519214,-0.032090058168945446,0.0,0,0,,19.409999999999997
2025,15,2025-12-07,elche,girona,2025|2025-12-07|elche|girona,2025|2025-12-07|elche|girona,0,H,0.48328877310750934,0.3460421937509749,0.16921425494919046,0.48328877310750934,1.0192614261095443,0.13724657935653445,2.15,3.3,3.5,1.0538608678143562,0.44134505158578524,0.28754298815437523,0.2711119602598395,2.15,0.48328877310750934,0.03907086218114497,0.03397466276621302,0,0,,19.409999999999997
2025,15,2025-12-07,espanol,vallecano,2025|2025-12-07|espanol|vallecano,2025|2025-12-07|espanol|vallecano,0,A,0.3156491162986123,0.336683065408789,0.3476569614285446,0.3476569614285446,1.0978133891280017,0.010973896019755569,2.3,3.4,3.1,1.051480900915766,0.41349548842683415,0.2797175362887407,0.3067869752844253,3.1,0.3476569614285446,0.07773658042848819,0.03701741925166104,0,0,,19.409999999999997
2025,15,2025-12-07,real madrid,celta,2025|2025-12-07|real madrid|celta,2025|2025-12-07|realmadrid|celta,0,H,0.8152807232347571,0.1197502683905536,0.06496875890778592,0.8152807232347571,0.59826525512118,0.6955304548442035,1.3,5.5,9.5,1.056312108943688,0.7282229965156793,0.17212543554006968,0.09965156794425085,1.3,0.8152807232347571,0.059864940205184264,0.1995498006839475,0,0,,19.409999999999997
2025,15,2025-12-07,real oviedo,mallorca,2025|2025-12-07|real oviedo|mallorca,2025|2025-12-07|realoviedo|mallorca,0,D,0.3547343939861791,0.3699790258516359,0.27441292394364203,0.3699790258516359,1.0903643978719308,0.01524463186545677,2.6,3.0,3.05,1.0458175704077344,0.36776527331189707,0.31872990353697744,0.31350482315112543,3.0,0.3699790258516359,0.10993707755490767,0.054968538777453835,0,0,,19.409999999999997
2025,15,2025-12-07,valencia,sevilla,2025|2025-12-07|valencia|sevilla,2025|2025-12-07|valencia|sevilla,0,H,0.5168130426187514,0.2990214378755209,0.1838870204414662,0.5168130426187514,1.0135260249047682,0.2177916047432305,2.15,3.4,3.4,1.0533515731874146,0.44155844155844154,0.2792207792207792,0.2792207792207792,2.15,0.5168130426187514,0.11114804163031544,0.096650470982883,0,0,,19.409999999999997
2025,15,2025-12-07,villarreal,getafe,2025|2025-12-07|villarreal|getafe,2025|2025-12-07|villarreal|getafe,0,H,0.6450271717133877,0.18197327542803923,0.17299833702716558,0.6450271717133877,0.8964048403955334,0.46305389628534854,1.61,3.8,5.75,1.0581889506374633,0.5869632375656471,0.24868705591597154,0.1643497065183812,1.61,0.6450271717133877,0.038493746458554357,0.06310450239107271,0,0,,19.409999999999997
2025,15,2025-12-08,osasuna,levante,2025|2025-12-08|osasuna|levante,2025|2025-12-08|osasuna|levante,0,H,0.5947651862065386,0.2727871162389475,0.12499279728991033,0.5947651862065386,0.9233234342054668,0.3219780699675911,1.75,3.8,4.5,1.0568086883876355,0.540711462450593,0.24901185770750991,0.21027667984189727,1.75,0.5947651862065386,0.040839075861442586,0.054452101148590115,0,0,,19.409999999999997
2025,19,2025-12-02,barcelona,ath madrid,2025|2025-12-02|barcelona|ath madrid,2025|2025-12-02|barcelona|athmadrid,H,H,0.6271620040483251,0.22096609688951635,0.15187189906215845,0.6271620040483251,0.912441043176365,0.40619590715880877,1.72,4.33,4.1,1.0562446700786896,0.5504362438997167,0.21864903914723152,0.23091471695305188,1.72,0.6271620040483251,0.0787186469631192,0.10933145411544333,1,1,0.72,20.13
2025,19,2025-12-03,ath bilbao,real madrid,2025|2025-12-03|ath bilbao|real madrid,2025|2025-12-03|athbilbao|realmadrid,A,A,0.1665283644396389,0.23317663722386683,0.6002949983364944,0.6002949983364944,0.9443636414093977,0.3671183611126275,4.1,3.9,1.8,1.0558682509902022,0.23099703849950645,0.24284304047384012,0.5261599210266535,1.8,0.6002949983364944,0.08053099700568989,0.10066374625711236,1,1,0.8,20.93
